[
    {
        "id": "aabf119factor17a-h1",
        "type": "hint",
        "dependencies": [],
        "title": "Split the expression",
        "text": "Split $$-19n$$ to $$-22n$$ and $$3n$$.",
        "variabilization": {},
        "oer": "",
        "license": "",
        "speech": "Split  minus 19 n  to  negative 22 n,  and  3 n .",
        "math": [
            "$$-19n$$",
            "$$-22n$$",
            "$$3n$$"
        ],
        "pacedSpeech": [
            "Split   minus 19 n ",
            " to   negative 22 n, ",
            " and   3 n"
        ]
    },
    {
        "id": "aabf119factor17a-h2",
        "type": "scaffold",
        "problemType": "TextBox",
        "answerType": "arithmetic",
        "hintAnswer": [
            "$$3n\\left(2n+1\\right)$$"
        ],
        "dependencies": [
            "aabf119factor17a-h1"
        ],
        "title": "Factor the expression",
        "text": "What is the factoring of $$6n^2+3n$$?",
        "variabilization": {},
        "oer": "",
        "license": "",
        "speech": "What is the factoring of , 6 n squared, plus 3 n ?",
        "math": [
            "$$6n^2+3n$$"
        ],
        "pacedSpeech": [
            "What is the factoring of  , 6 n squared, plus 3 n"
        ]
    },
    {
        "id": "aabf119factor17a-h3",
        "type": "scaffold",
        "problemType": "TextBox",
        "answerType": "arithmetic",
        "hintAnswer": [
            "$$-11\\left(2n+1\\right)$$"
        ],
        "dependencies": [
            "aabf119factor17a-h2"
        ],
        "title": "Factor the expression",
        "text": "What is the factoring of $$-22n-11$$?",
        "variabilization": {},
        "oer": "",
        "license": "",
        "speech": "What is the factoring of  minus 22 n minus 11 ?",
        "math": [
            "$$-22n-11$$"
        ],
        "pacedSpeech": [
            "What is the factoring of   minus 22 n minus 11"
        ]
    },
    {
        "id": "aabf119factor17a-h4",
        "type": "scaffold",
        "problemType": "TextBox",
        "answerType": "arithmetic",
        "hintAnswer": [
            "$$\\left(3n-11\\right) \\left(2n+1\\right)$$"
        ],
        "dependencies": [
            "aabf119factor17a-h3"
        ],
        "title": "Factor the expression",
        "text": "Factor out the common term of both $$2n+1$$.",
        "variabilization": {},
        "oer": "",
        "license": "",
        "speech": "Factor out the common term of both , 2 n plus 1 .",
        "math": [
            "$$2n+1$$"
        ],
        "pacedSpeech": [
            "Factor out the common term of both  , 2 n plus 1"
        ]
    }
]