[
    {
        "id": "a7ea646graph14a-h1",
        "type": "hint",
        "dependencies": [],
        "title": "Taking Out the Common Term",
        "text": "First, we must take out $$x^2$$ using the distributive property. We now have $$f(x)=x\\left(x^2+6x-7\\right)$$.",
        "variabilization": {},
        "oer": "https://OATutor.io <OATutor>",
        "license": "https://creativecommons.org/licenses/by/4.0/ <CC BY 4.0>",
        "speech": "First, we must take out  x squared  using the distributive property. We now have  f of x is equal to x parentheses, x squared plus 6 x minus 7  .",
        "math": [
            "$$x^2$$",
            "$$f(x)=x\\left(x^2+6x-7\\right)$$"
        ],
        "pacedSpeech": [
            "First, we must take out   x squared ",
            " using the distributive property. We now have   f of x is equal to x , x squared plus 6 x minus 7"
        ]
    },
    {
        "id": "a7ea646graph14a-h2",
        "type": "hint",
        "dependencies": [
            "a7ea646graph14a-h1"
        ],
        "title": "Factoring the Interior Quadratic",
        "text": "Now, we must factor the expression inside the parantheses. $$x^2+6x-7=\\left(x+7\\right) \\left(x-1\\right)$$. So, we have $$f(x)=x\\left(x+7\\right) \\left(x-1\\right)$$",
        "variabilization": {},
        "oer": "https://OATutor.io <OATutor>",
        "license": "https://creativecommons.org/licenses/by/4.0/ <CC BY 4.0>",
        "speech": "Now, we must factor the expression inside the parantheses.  x squared plus 6 x minus 7 is equal to parentheses x plus 7,  times, parentheses x minus 1,  . So, we have  f of x is equal to x, parentheses x plus 7,  times, parentheses x minus 1,",
        "math": [
            "$$x^2+6x-7=\\left(x+7\\right) \\left(x-1\\right)$$",
            "$$f(x)=x\\left(x+7\\right) \\left(x-1\\right)$$"
        ],
        "pacedSpeech": [
            "Now, we must factor the expression inside the parantheses.   x squared plus 6 x minus 7 is equal to  x plus 7,  times,  x minus 1,  ",
            ". So, we have   f of x is equal to x,  x plus 7,  times,  x minus 1,"
        ]
    },
    {
        "id": "a7ea646graph14a-h3",
        "type": "hint",
        "dependencies": [
            "a7ea646graph14a-h2"
        ],
        "title": "Solving for the Intercepts",
        "text": "We can now solve the whole equation by setting it equal to $$0$$. $$0=x\\left(x+7\\right) \\left(x-1\\right)$$. This means that our x-intercepts are: $$(0,0),(-7,0),(1,0)$$",
        "variabilization": {},
        "oer": "https://OATutor.io <OATutor>",
        "license": "https://creativecommons.org/licenses/by/4.0/ <CC BY 4.0>",
        "speech": "We can now solve the whole equation by setting it equal to  0 .  0, is equal to x, parentheses x plus 7,  times, parentheses x minus 1,  . This means that our x-intercepts are: , parentheses 0 comma 0,  comma, parentheses, negative 7 comma 0,  comma, parentheses 1 comma 0,",
        "math": [
            "$$0$$",
            "$$0=x\\left(x+7\\right) \\left(x-1\\right)$$",
            "$$(0,0),(-7,0),(1,0)$$"
        ],
        "pacedSpeech": [
            "We can now solve the whole equation by setting it equal to   0 ",
            ".   0, is equal to x,  x plus 7,  times,  x minus 1,  ",
            ". This means that our x-intercepts are:  ,  0 comma 0,  comma, , negative 7 comma 0,  comma,  1 comma 0,"
        ]
    }
]