[
    {
        "id": "a7ea646graph10a-h1",
        "type": "hint",
        "dependencies": [],
        "title": "Taking Out the Common Term",
        "text": "First, we must take out $$2t^2$$ using the distributive property. We now have $$C(t)=2t^2 \\left(t^2-4t+3\\right)$$",
        "variabilization": {},
        "oer": "https://OATutor.io <OATutor>",
        "license": "https://creativecommons.org/licenses/by/4.0/ <CC BY 4.0>",
        "speech": "First, we must take out  2 t squared,  using the distributive property. We now have    c of t is equal to 2 t squared parentheses, t squared minus 4 t plus 3",
        "math": [
            "$$2t^2$$",
            "$$C(t)=2t^2 \\left(t^2-4t+3\\right)$$"
        ],
        "pacedSpeech": [
            "First, we must take out   2 t squared, ",
            " using the distributive property. We now have     c of t is equal to 2 t squared , t squared minus 4 t plus 3"
        ]
    },
    {
        "id": "a7ea646graph10a-h2",
        "type": "hint",
        "dependencies": [
            "a7ea646graph10a-h1"
        ],
        "title": "Factoring the Interior Quadratic",
        "text": "We can now factor the expression inside the parenthesis since it is a quadratic. $$t^2-4t+3=(t-3)(t-1)$$. So, our equation is $$C(t)=2t^{2\\left(t-3\\right)} \\left(t-1\\right)$$",
        "variabilization": {},
        "oer": "https://OATutor.io <OATutor>",
        "license": "https://creativecommons.org/licenses/by/4.0/ <CC BY 4.0>",
        "speech": "We can now factor the expression inside the parenthesis since it is a quadratic.  t squared minus 4 t plus 3 is equal to parentheses t minus 3,  times, parentheses t minus 1,  . So, our equation is    c of t is equal to 2 t raised to the 2 times, parentheses t minus 3,  power, parentheses t minus 1,",
        "math": [
            "$$t^2-4t+3=(t-3)(t-1)$$",
            "$$C(t)=2t^{2\\left(t-3\\right)} \\left(t-1\\right)$$"
        ],
        "pacedSpeech": [
            "We can now factor the expression inside the parenthesis since it is a quadratic.   t squared minus 4 t plus 3 is equal to  t minus 3,  times,  t minus 1,  ",
            ". So, our equation is     c of t is equal to 2 t raised to the 2 times,  t minus 3,  power,  t minus 1,"
        ]
    },
    {
        "id": "a7ea646graph10a-h3",
        "type": "hint",
        "dependencies": [
            "a7ea646graph10a-h2"
        ],
        "title": "Solving for the Intercepts",
        "text": "We must set the whole equation to $$0$$ and solve for $$t$$. $$0=2t^{2\\left(t-3\\right)} \\left(t-1\\right)$$. This means that $$t=0$$, $$3$$, and $$1$$. So, our $$t-intercepts$$ are $$(0,0)$$, $$(3,0)$$, and $$(1,0)$$.",
        "variabilization": {},
        "oer": "https://OATutor.io <OATutor>",
        "license": "https://creativecommons.org/licenses/by/4.0/ <CC BY 4.0>",
        "speech": "We must set the whole equation to  0  and solve for  t .  0 is equal to 2 t raised to the 2 times, parentheses t minus 3,  power, parentheses t minus 1,  . This means that  t is equal to 0 ,  3 , and  1 . So, our  t  intercepts  are , parentheses 0 comma 0,  , , parentheses 3 comma 0,  , and , parentheses 1 comma 0,  .",
        "math": [
            "$$0$$",
            "$$t$$",
            "$$0=2t^{2\\left(t-3\\right)} \\left(t-1\\right)$$",
            "$$t=0$$",
            "$$3$$",
            "$$1$$",
            "$$t-intercepts$$",
            "$$(0,0)$$",
            "$$(3,0)$$",
            "$$(1,0)$$"
        ],
        "pacedSpeech": [
            "We must set the whole equation to   0 ",
            " and solve for   t ",
            ".   0 is equal to 2 t raised to the 2 times,  t minus 3,  power,  t minus 1,  ",
            ". This means that   t is equal to 0 ",
            ",   3 ",
            ", and   1 ",
            ". So, our   t intercepts ",
            " are  ,  0 comma 0,  ",
            ",  ,  3 comma 0,  ",
            ", and  ,  1 comma 0,"
        ]
    }
]