[
    {
        "id": "a7ea646graph20a-h1",
        "type": "hint",
        "dependencies": [],
        "title": "Pairing Together Terms",
        "text": "We can pair together the first and second terms and the second and third terms as shown. $$f(x)=x^3-3x^2+\\left(-x+3\\right)$$",
        "variabilization": {},
        "oer": "https://OATutor.io <OATutor>",
        "license": "https://creativecommons.org/licenses/by/4.0/ <CC BY 4.0>",
        "speech": "We can pair together the first and second terms and the second and third terms as shown.  f of x is equal to x cubed minus 3 x squared, plus, parentheses, negative x plus 3,",
        "math": [
            "$$f(x)=x^3-3x^2+\\left(-x+3\\right)$$"
        ],
        "pacedSpeech": [
            "We can pair together the first and second terms and the second and third terms as shown.   f of x is equal to x cubed minus 3 x squared, plus, , negative x plus 3,"
        ]
    },
    {
        "id": "a7ea646graph20a-h2",
        "type": "hint",
        "dependencies": [
            "a7ea646graph20a-h1"
        ],
        "title": "Taking Out the Common Term",
        "text": "We can now take out the common terms as shown: $$f(x)=x^{2\\left(x-3\\right)}-x-3$$",
        "variabilization": {},
        "oer": "https://OATutor.io <OATutor>",
        "license": "https://creativecommons.org/licenses/by/4.0/ <CC BY 4.0>",
        "speech": "We can now take out the common terms as shown:  f of x is equal to x raised to the 2 times, parentheses x minus 3,  power minus x minus 3",
        "math": [
            "$$f(x)=x^{2\\left(x-3\\right)}-x-3$$"
        ],
        "pacedSpeech": [
            "We can now take out the common terms as shown:   f of x is equal to x raised to the 2 times,  x minus 3,  power minus x minus 3"
        ]
    },
    {
        "id": "a7ea646graph20a-h3",
        "type": "hint",
        "dependencies": [
            "a7ea646graph20a-h2"
        ],
        "title": "Joining Together Both Terms",
        "text": "We can now join the whole equation into a single expression. $$f(x)=\\left(x^2-1\\right) \\left(x-3\\right)$$",
        "variabilization": {},
        "oer": "https://OATutor.io <OATutor>",
        "license": "https://creativecommons.org/licenses/by/4.0/ <CC BY 4.0>",
        "speech": "We can now join the whole equation into a single expression.  f of x is equal to parentheses, x squared minus 1,  times, parentheses x minus 3,",
        "math": [
            "$$f(x)=\\left(x^2-1\\right) \\left(x-3\\right)$$"
        ],
        "pacedSpeech": [
            "We can now join the whole equation into a single expression.   f of x is equal to , x squared minus 1,  times,  x minus 3,"
        ]
    },
    {
        "id": "a7ea646graph20a-h4",
        "type": "hint",
        "dependencies": [
            "a7ea646graph20a-h3"
        ],
        "title": "Factoring the Quadratic",
        "text": "Since $$x^2-1=\\left(x+1\\right) \\left(x-1\\right)$$, we can simplify the function to $$f(x)=\\left(x+1\\right) \\left(x-1\\right) \\left(x-3\\right)$$.",
        "variabilization": {},
        "oer": "https://OATutor.io <OATutor>",
        "license": "https://creativecommons.org/licenses/by/4.0/ <CC BY 4.0>",
        "speech": "Since  x squared minus 1, is equal to parentheses x plus 1,  times, parentheses x minus 1,  , we can simplify the function to  f of x is equal to parentheses x plus 1,  times, parentheses x minus 1,  times, parentheses x minus 3,  .",
        "math": [
            "$$x^2-1=\\left(x+1\\right) \\left(x-1\\right)$$",
            "$$f(x)=\\left(x+1\\right) \\left(x-1\\right) \\left(x-3\\right)$$"
        ],
        "pacedSpeech": [
            "Since   x squared minus 1, is equal to  x plus 1,  times,  x minus 1,  ",
            ", we can simplify the function to   f of x is equal to  x plus 1,  times,  x minus 1,  times,  x minus 3,"
        ]
    },
    {
        "id": "a7ea646graph20a-h5",
        "type": "hint",
        "dependencies": [
            "a7ea646graph20a-h4"
        ],
        "title": "Solving for the Intercepts",
        "text": "We must now solve for $$x$$ by setting the whole equation to $$0$$. $$0=\\left(x+1\\right) \\left(x-1\\right) \\left(x-3\\right)$$. This means that $$x=-1, 1$$, and $$3$$. Our intercepts are thus: $$(-1,0),(1,0),(3,0)$$",
        "variabilization": {},
        "oer": "https://OATutor.io <OATutor>",
        "license": "https://creativecommons.org/licenses/by/4.0/ <CC BY 4.0>",
        "speech": "We must now solve for  x  by setting the whole equation to  0 .  0 is equal to parentheses x plus 1,  times, parentheses x minus 1,  times, parentheses x minus 3,  . This means that  x is equal to negative 1 comma 1 , and  3 . Our intercepts are thus: , parentheses, negative 1 comma 0,  comma, parentheses 1 comma 0,  comma, parentheses 3 comma 0,",
        "math": [
            "$$x$$",
            "$$0$$",
            "$$0=\\left(x+1\\right) \\left(x-1\\right) \\left(x-3\\right)$$",
            "$$x=-1, 1$$",
            "$$3$$",
            "$$(-1,0),(1,0),(3,0)$$"
        ],
        "pacedSpeech": [
            "We must now solve for   x ",
            " by setting the whole equation to   0 ",
            ".   0 is equal to  x plus 1,  times,  x minus 1,  times,  x minus 3,  ",
            ". This means that   x is equal to negative 1 comma 1 ",
            ", and   3 ",
            ". Our intercepts are thus:  , , negative 1 comma 0,  comma,  1 comma 0,  comma,  3 comma 0,"
        ]
    }
]