[
    {
        "id": "a7ea646graph16a-h1",
        "type": "hint",
        "dependencies": [],
        "title": "Pairing Together Terms",
        "text": "We can pair together the first and second terms and the third and fourth terms so that we can later factor. This can be done as shown. $$f(x)=x^3+2x^2+\\left(-9x-18\\right)$$",
        "variabilization": {},
        "oer": "https://OATutor.io <OATutor>",
        "license": "https://creativecommons.org/licenses/by/4.0/ <CC BY 4.0>",
        "speech": "We can pair together the first and second terms and the third and fourth terms so that we can later factor. This can be done as shown.  f of x is equal to x cubed plus 2 x squared, plus, parentheses, negative 9 x, minus 18",
        "math": [
            "$$f(x)=x^3+2x^2+\\left(-9x-18\\right)$$"
        ],
        "pacedSpeech": [
            "We can pair together the first and second terms and the third and fourth terms so that we can later factor. This can be done as shown.   f of x is equal to x cubed plus 2 x squared, plus, , negative 9 x, minus 18"
        ]
    },
    {
        "id": "a7ea646graph16a-h2",
        "type": "hint",
        "dependencies": [
            "a7ea646graph16a-h1"
        ],
        "title": "Taking Out the Common Term",
        "text": "We must now take out the common term(s) in each pair. $$f(x)=x^{2\\left(x+2\\right)}-9\\left(x+2\\right)$$",
        "variabilization": {},
        "oer": "https://OATutor.io <OATutor>",
        "license": "https://creativecommons.org/licenses/by/4.0/ <CC BY 4.0>",
        "speech": "We must now take out the common term(s) in each pair.  f of x is equal to x raised to the 2 times, parentheses x plus 2,  power minus, 9 times, parentheses x plus 2,",
        "math": [
            "$$f(x)=x^{2\\left(x+2\\right)}-9\\left(x+2\\right)$$"
        ],
        "pacedSpeech": [
            "We must now take out the common term(s) in each pair.   f of x is equal to x raised to the 2 times,  x plus 2,  power minus, 9 times,  x plus 2,"
        ]
    },
    {
        "id": "a7ea646graph16a-h3",
        "type": "hint",
        "dependencies": [
            "a7ea646graph16a-h2"
        ],
        "title": "Joining Together Both Terms",
        "text": "Now we must join together both terms by using the common term that was pulled out. $$f(x)=\\left(x^2-9\\right) \\left(x+2\\right)$$",
        "variabilization": {},
        "oer": "https://OATutor.io <OATutor>",
        "license": "https://creativecommons.org/licenses/by/4.0/ <CC BY 4.0>",
        "speech": "Now we must join together both terms by using the common term that was pulled out.  f of x is equal to parentheses, x squared minus 9,  times, parentheses x plus 2,",
        "math": [
            "$$f(x)=\\left(x^2-9\\right) \\left(x+2\\right)$$"
        ],
        "pacedSpeech": [
            "Now we must join together both terms by using the common term that was pulled out.   f of x is equal to , x squared minus 9,  times,  x plus 2,"
        ]
    },
    {
        "id": "a7ea646graph16a-h4",
        "type": "hint",
        "dependencies": [
            "a7ea646graph16a-h3"
        ],
        "title": "Factoring the Quadratic",
        "text": "Finally, we can factor each expression in the parantheses. $$x^2-9=\\left(x+3\\right) \\left(x-3\\right)$$. This means that $$f(x)=\\left(x+3\\right) \\left(x-2\\right) \\left(x+2\\right)$$.",
        "variabilization": {},
        "oer": "https://OATutor.io <OATutor>",
        "license": "https://creativecommons.org/licenses/by/4.0/ <CC BY 4.0>",
        "speech": "Finally, we can factor each expression in the parantheses.  x squared minus 9, is equal to parentheses x plus 3,  times, parentheses x minus 3,  . This means that  f of x is equal to parentheses x plus 3,  times, parentheses x minus 2,  times, parentheses x plus 2,  .",
        "math": [
            "$$x^2-9=\\left(x+3\\right) \\left(x-3\\right)$$",
            "$$f(x)=\\left(x+3\\right) \\left(x-2\\right) \\left(x+2\\right)$$"
        ],
        "pacedSpeech": [
            "Finally, we can factor each expression in the parantheses.   x squared minus 9, is equal to  x plus 3,  times,  x minus 3,  ",
            ". This means that   f of x is equal to  x plus 3,  times,  x minus 2,  times,  x plus 2,"
        ]
    },
    {
        "id": "a7ea646graph16a-h5",
        "type": "hint",
        "dependencies": [
            "a7ea646graph16a-h4"
        ],
        "title": "Solving for the Intercepts",
        "text": "We can set the factored equation from the previous step equal to $$0$$ in order to solve for $$x$$. $$0=\\left(x+3\\right) \\left(x-2\\right) \\left(x+2\\right)$$. This means that $$x=-3$$, $$2$$, and $$-2$$. This, then, means that our x-intercepts are $$(-3,0),(2,0),(-2,0)$$",
        "variabilization": {},
        "oer": "https://OATutor.io <OATutor>",
        "license": "https://creativecommons.org/licenses/by/4.0/ <CC BY 4.0>",
        "speech": "We can set the factored equation from the previous step equal to  0  in order to solve for  x .  0 is equal to parentheses x plus 3,  times, parentheses x minus 2,  times, parentheses x plus 2,  . This means that  x is equal to negative 3 ,  2 , and  negative 2 . This, then, means that our x-intercepts are , parentheses, negative 3 comma 0,  comma, parentheses 2 comma 0,  comma, parentheses, negative 2 comma 0,",
        "math": [
            "$$0$$",
            "$$x$$",
            "$$0=\\left(x+3\\right) \\left(x-2\\right) \\left(x+2\\right)$$",
            "$$x=-3$$",
            "$$2$$",
            "$$-2$$",
            "$$(-3,0),(2,0),(-2,0)$$"
        ],
        "pacedSpeech": [
            "We can set the factored equation from the previous step equal to   0 ",
            " in order to solve for   x ",
            ".   0 is equal to  x plus 3,  times,  x minus 2,  times,  x plus 2,  ",
            ". This means that   x is equal to negative 3 ",
            ",   2 ",
            ", and   negative 2 ",
            ". This, then, means that our x-intercepts are  , , negative 3 comma 0,  comma,  2 comma 0,  comma, , negative 2 comma 0,"
        ]
    }
]