[
    {
        "id": "a5ccaf6logarithmsandlogistic17a-h1",
        "type": "hint",
        "dependencies": [],
        "title": "How to Find the Initial Value",
        "text": "The initial value is $$P(t)$$ when $$t=0$$.",
        "variabilization": {},
        "oer": "https://OATutor.io <OATutor>",
        "license": "https://creativecommons.org/licenses/by/4.0/ <CC BY 4.0>",
        "speech": "The initial value is p of t when  t is equal to 0, .",
        "math": [
            "$$P(t)$$",
            "$$t=0$$"
        ],
        "pacedSpeech": [
            "The initial value is p of t",
            "when   t is equal to 0,"
        ]
    }
]