[
    {
        "id": "a7b98f9composition16b-h1",
        "type": "hint",
        "dependencies": [],
        "title": "Subtraction",
        "text": "Remember that f-g is the same as $$(f-g)(x)$$. All we have to do is subtract the two functions.",
        "variabilization": {},
        "oer": "https://OATutor.io <OATutor>",
        "license": "https://creativecommons.org/licenses/by/4.0/ <CC BY 4.0>",
        "speech": "Remember that f-g is the same as  times, parentheses f minus g,  of x . All we have to do is subtract the two functions.",
        "math": [
            "$$(f-g)(x)$$"
        ],
        "pacedSpeech": [
            "Remember that f-g is the same as   times,  f minus g,  of x ",
            ". All we have to do is subtract the two functions."
        ]
    },
    {
        "id": "a7b98f9composition16b-h2",
        "type": "scaffold",
        "problemType": "TextBox",
        "answerType": "arithmetic",
        "hintAnswer": [
            "$$2x+6$$"
        ],
        "dependencies": [
            "a7b98f9composition16b-h1"
        ],
        "title": "Subtraction",
        "text": "What is $$x^2+2x-6x-x^2$$?",
        "variabilization": {},
        "oer": "https://OATutor.io <OATutor>",
        "license": "https://creativecommons.org/licenses/by/4.0/ <CC BY 4.0>",
        "subHints": [
            {
                "id": "a7b98f9composition16b-h2-s1",
                "type": "hint",
                "dependencies": [],
                "title": "Combining Like Terms",
                "text": "$$x^2+x^2=2x^2$$, and we are left with $$2x$$ and $$6$$, so the final answer is $$2x^2+2x-6$$.",
                "variabilization": {},
                "oer": "https://OATutor.io <OATutor>",
                "license": "https://creativecommons.org/licenses/by/4.0/ <CC BY 4.0>"
            }
        ],
        "speech": "What is  x squared plus 2 x minus 6 x minus x squared ?",
        "math": [
            "$$x^2+2x-6x-x^2$$"
        ],
        "pacedSpeech": [
            "What is   x squared plus 2 x minus 6 x minus x squared"
        ]
    }
]