[
    {
        "id": "ab8b840systems11a-h1",
        "type": "hint",
        "dependencies": [],
        "title": "Substitute",
        "text": "First, substitute the given point into the equation. If the equality that results is true, then the point is a solution to the system.",
        "variabilization": {},
        "oer": "https://OATutor.io <OATutor>",
        "license": "https://creativecommons.org/licenses/by/4.0/ <CC BY 4.0>",
        "speech": "First, substitute the given point into the equation. If the equality that results is true, then the point is a solution to the system.",
        "math": [
            ""
        ],
        "pacedSpeech": [
            "First, substitute the given point into the equation. If the equality that results is true, then the point is a solution to the system."
        ]
    },
    {
        "id": "ab8b840systems11a-h2",
        "type": "scaffold",
        "problemType": "MultipleChoice",
        "answerType": "string",
        "hintAnswer": [
            "Yes"
        ],
        "dependencies": [
            "ab8b840systems11a-h1"
        ],
        "title": "Substitute",
        "text": "When the point is substituted into the equation $$x+8y=43$$, do both sides equal each other?",
        "variabilization": {},
        "oer": "https://OATutor.io <OATutor>",
        "license": "https://creativecommons.org/licenses/by/4.0/ <CC BY 4.0>",
        "choices": [
            "Yes",
            "No"
        ],
        "subHints": [
            {
                "id": "ab8b840systems11a-h2-s1",
                "type": "scaffold",
                "problemType": "MultipleChoice",
                "answerType": "string",
                "hintAnswer": [
                    "Yes"
                ],
                "dependencies": [],
                "title": "Substitute",
                "text": "When the point is substituted into the equation $$3x-2y=-1$$, do both sides equal each other?",
                "variabilization": {},
                "oer": "https://OATutor.io <OATutor>",
                "license": "https://creativecommons.org/licenses/by/4.0/ <CC BY 4.0>",
                "choices": [
                    "Yes",
                    "No"
                ]
            }
        ],
        "speech": "When the point is substituted into the equation , x plus 8 y, is equal to 43 , do both sides equal each other?",
        "math": [
            "$$x+8y=43$$"
        ],
        "pacedSpeech": [
            "When the point is substituted into the equation  , x plus 8 y, is equal to 43 ",
            ", do both sides equal each other?"
        ]
    },
    {
        "id": "ab8b840systems11a-h3",
        "type": "hint",
        "dependencies": [
            "ab8b840systems11a-h2-s1"
        ],
        "title": "Interpret",
        "text": "Therefore, since the equation is equal on both sides for both equations, the point satisfies the system.",
        "variabilization": {},
        "oer": "https://OATutor.io <OATutor>",
        "license": "https://creativecommons.org/licenses/by/4.0/ <CC BY 4.0>",
        "speech": "Therefore, since the equation is equal on both sides for both equations, the point satisfies the system.",
        "math": [
            ""
        ],
        "pacedSpeech": [
            "Therefore, since the equation is equal on both sides for both equations, the point satisfies the system."
        ]
    }
]