{
    "id": "a5ccaf6logarithmsandlogistic5",
    "title": "Solving Logistic Equations #4",
    "body": "The population P of a koi pond over $$x$$ months is modeled by the function $$P(x)=\\frac{68}{1+16e^{-0.28 x}}$$.",
    "variabilization": {},
    "oer": "https://openstax.org/details/books/college-algebra-2e <OpenStax: College Algebra>",
    "license": "https://creativecommons.org/licenses/by/4.0/ <CC BY 4.0>",
    "lesson": "6.8 Fitting Exponential Models to Data",
    "courseName": "OpenStax: College Algebra"
}