[
    {
        "id": "ad37b31probability21a-h1",
        "type": "hint",
        "dependencies": [],
        "title": "Proability of Events with Equally Likely Outcomes",
        "text": "The probability of an event E in an experiment with sample space S with equally likely outcomes is given by: P(E) $$=$$ (# of elements in E)/(# of elements in S)",
        "variabilization": {},
        "oer": "https://OATutor.io <OATutor>",
        "license": "https://creativecommons.org/licenses/by/4.0/ <CC BY 4.0>",
        "speech": "The probability of an event E in an experiment with sample space S with equally likely outcomes is given by: P(E)  is equal to  (# of elements in E)/(# of elements in S)",
        "math": [
            "$$=$$"
        ],
        "pacedSpeech": [
            "The probability of an event E in an experiment with sample space S with equally likely outcomes is given by: P(E)   is equal to ",
            " (# of elements in E)/(# of elements in S)"
        ]
    },
    {
        "id": "ad37b31probability21a-h2",
        "type": "scaffold",
        "problemType": "TextBox",
        "answerType": "arithmetic",
        "hintAnswer": [
            "$$2$$"
        ],
        "dependencies": [
            "ad37b31probability21a-h1"
        ],
        "title": "Number of Event Elements",
        "text": "How many elements result in four heads or four tails?",
        "variabilization": {},
        "oer": "https://OATutor.io <OATutor>",
        "license": "https://creativecommons.org/licenses/by/4.0/ <CC BY 4.0>",
        "speech": "How many elements result in four heads or four tails?",
        "math": [
            ""
        ],
        "pacedSpeech": [
            "How many elements result in four heads or four tails?"
        ]
    },
    {
        "id": "ad37b31probability21a-h3",
        "type": "scaffold",
        "problemType": "TextBox",
        "answerType": "arithmetic",
        "hintAnswer": [
            "$$16$$"
        ],
        "dependencies": [
            "ad37b31probability21a-h2"
        ],
        "title": "Number of Sample Space Elements",
        "text": "How many elements are there in the sample space?",
        "variabilization": {},
        "oer": "https://OATutor.io <OATutor>",
        "license": "https://creativecommons.org/licenses/by/4.0/ <CC BY 4.0>",
        "speech": "How many elements are there in the sample space?",
        "math": [
            ""
        ],
        "pacedSpeech": [
            "How many elements are there in the sample space?"
        ]
    },
    {
        "id": "ad37b31probability21a-h4",
        "type": "scaffold",
        "problemType": "TextBox",
        "answerType": "arithmetic",
        "hintAnswer": [
            "$$\\frac{1}{8}$$"
        ],
        "dependencies": [
            "ad37b31probability21a-h3"
        ],
        "title": "Finding the Probability",
        "text": "What is the probaility of tossing four heads or four tails?",
        "variabilization": {},
        "oer": "https://OATutor.io <OATutor>",
        "license": "https://creativecommons.org/licenses/by/4.0/ <CC BY 4.0>",
        "speech": "What is the probaility of tossing four heads or four tails?",
        "math": [
            ""
        ],
        "pacedSpeech": [
            "What is the probaility of tossing four heads or four tails?"
        ]
    }
]