[
    {
        "id": "af227bbMoApp2a-h1",
        "type": "hint",
        "dependencies": [],
        "title": "Identify known quantities",
        "text": "The known quantities is $$2$$ (twice), $$3$$ and $$36$$.",
        "variabilization": {},
        "oer": "https://OATutor.io <OATutor>",
        "license": "https://creativecommons.org/licenses/by/4.0/ <CC BY 4.0>",
        "speech": "The known quantities is , 2  (twice),  3  and  36 .",
        "math": [
            "$$2$$",
            "$$3$$",
            "$$36$$"
        ],
        "pacedSpeech": [
            "The known quantities is  , 2 ",
            " (twice),   3 ",
            " and   36"
        ]
    },
    {
        "id": "af227bbMoApp2a-h2",
        "type": "hint",
        "dependencies": [
            "af227bbMoApp2a-h1"
        ],
        "title": "Determine unknown quantities",
        "text": "There are two numbers which remain unknown. They are the target we want to find.",
        "variabilization": {},
        "oer": "https://OATutor.io <OATutor>",
        "license": "https://creativecommons.org/licenses/by/4.0/ <CC BY 4.0>",
        "speech": "There are two numbers which remain unknown. They are the target we want to find.",
        "math": [
            ""
        ],
        "pacedSpeech": [
            "There are two numbers which remain unknown. They are the target we want to find."
        ]
    },
    {
        "id": "af227bbMoApp2a-h3",
        "type": "hint",
        "dependencies": [
            "af227bbMoApp2a-h2"
        ],
        "title": "Assign a variable",
        "text": "Because there is more than one unknown quantity, we should choose one varible to equal $$x$$, for example, the second number.",
        "variabilization": {},
        "oer": "https://OATutor.io <OATutor>",
        "license": "https://creativecommons.org/licenses/by/4.0/ <CC BY 4.0>",
        "speech": "Because there is more than one unknown quantity, we should choose one varible to equal  x , for example, the second number.",
        "math": [
            "$$x$$"
        ],
        "pacedSpeech": [
            "Because there is more than one unknown quantity, we should choose one varible to equal   x ",
            ", for example, the second number."
        ]
    },
    {
        "id": "af227bbMoApp2a-h4",
        "type": "hint",
        "dependencies": [
            "af227bbMoApp2a-h3"
        ],
        "title": "Write the first number",
        "text": "After choosing the second number, we need to write the first one in terms of $$x$$ (which equals to the second number).",
        "variabilization": {},
        "oer": "https://OATutor.io <OATutor>",
        "license": "https://creativecommons.org/licenses/by/4.0/ <CC BY 4.0>",
        "speech": "After choosing the second number, we need to write the first one in terms of  x  (which equals to the second number).",
        "math": [
            "$$x$$"
        ],
        "pacedSpeech": [
            "After choosing the second number, we need to write the first one in terms of   x ",
            " (which equals to the second number)."
        ]
    },
    {
        "id": "af227bbMoApp2a-h5",
        "type": "scaffold",
        "problemType": "TextBox",
        "answerType": "arithmetic",
        "hintAnswer": [
            "$$2x+3$$"
        ],
        "dependencies": [
            "af227bbMoApp2a-h4"
        ],
        "title": "Write the first number",
        "text": "When given the first number is three more than twice the second number, how can the first number be expressed?",
        "variabilization": {},
        "oer": "https://OATutor.io <OATutor>",
        "license": "https://creativecommons.org/licenses/by/4.0/ <CC BY 4.0>",
        "speech": "When given the first number is three more than twice the second number, how can the first number be expressed?",
        "math": [
            ""
        ],
        "pacedSpeech": [
            "When given the first number is three more than twice the second number, how can the first number be expressed?"
        ]
    },
    {
        "id": "af227bbMoApp2a-h6",
        "type": "hint",
        "dependencies": [
            "af227bbMoApp2a-h5"
        ],
        "title": "Write an equation",
        "text": "Then write an equation interpreting the words as mathematical operations.",
        "variabilization": {},
        "oer": "https://OATutor.io <OATutor>",
        "license": "https://creativecommons.org/licenses/by/4.0/ <CC BY 4.0>",
        "speech": "Then write an equation interpreting the words as mathematical operations.",
        "math": [
            ""
        ],
        "pacedSpeech": [
            "Then write an equation interpreting the words as mathematical operations."
        ]
    },
    {
        "id": "af227bbMoApp2a-h7",
        "type": "scaffold",
        "problemType": "TextBox",
        "answerType": "arithmetic",
        "hintAnswer": [
            "$$x+2x+3=36$$"
        ],
        "dependencies": [
            "af227bbMoApp2a-h6"
        ],
        "title": "Translation to Math Operations",
        "text": "What is the mathematical form of \"the sum of the two numbers is 36\"?",
        "variabilization": {},
        "oer": "https://OATutor.io <OATutor>",
        "license": "https://creativecommons.org/licenses/by/4.0/ <CC BY 4.0>",
        "speech": "What is the mathematical form of \"the sum of the two numbers is 36\"?",
        "math": [
            ""
        ],
        "pacedSpeech": [
            "What is the mathematical form of \"the sum of the two numbers is 36\"?"
        ]
    },
    {
        "id": "af227bbMoApp2a-h8",
        "type": "scaffold",
        "problemType": "TextBox",
        "answerType": "arithmetic",
        "hintAnswer": [
            "$$11$$"
        ],
        "dependencies": [
            "af227bbMoApp2a-h7"
        ],
        "title": "Simplify and Solve",
        "text": "Solve the equation we write. What is $$x$$?",
        "variabilization": {},
        "oer": "https://OATutor.io <OATutor>",
        "license": "https://creativecommons.org/licenses/by/4.0/ <CC BY 4.0>",
        "speech": "Solve the equation we write. What is  x ?",
        "math": [
            "$$x$$"
        ],
        "pacedSpeech": [
            "Solve the equation we write. What is   x"
        ]
    },
    {
        "id": "af227bbMoApp2a-h9",
        "type": "scaffold",
        "problemType": "TextBox",
        "answerType": "arithmetic",
        "hintAnswer": [
            "$$25$$"
        ],
        "dependencies": [
            "af227bbMoApp2a-h8"
        ],
        "title": "Calculate the other number",
        "text": "What is $$2x+3$$?",
        "variabilization": {},
        "oer": "https://OATutor.io <OATutor>",
        "license": "https://creativecommons.org/licenses/by/4.0/ <CC BY 4.0>",
        "speech": "What is , 2 x plus 3, ?",
        "math": [
            "$$2x+3$$"
        ],
        "pacedSpeech": [
            "What is  , 2 x plus 3,"
        ]
    },
    {
        "id": "af227bbMoApp2a-h10",
        "type": "hint",
        "dependencies": [
            "af227bbMoApp2a-h9"
        ],
        "title": "Explain the solution",
        "text": "Since $$x$$ equals to the second number, $$2x+3$$ equals to the second number, the first number is $$25$$ and the second number is $$11$$.",
        "variabilization": {},
        "oer": "https://OATutor.io <OATutor>",
        "license": "https://creativecommons.org/licenses/by/4.0/ <CC BY 4.0>",
        "speech": "Since  x  equals to the second number,  2 x, plus, 3  equals to the second number, the first number is  25  and the second number is  11 .",
        "math": [
            "$$x$$",
            "$$2x+3$$",
            "$$25$$",
            "$$11$$"
        ],
        "pacedSpeech": [
            "Since   x ",
            " equals to the second number,   2 x, plus, 3 ",
            " equals to the second number, the first number is   25 ",
            " and the second number is   11"
        ]
    }
]