[
    {
        "id": "a7b98f9comp1a-h1",
        "type": "hint",
        "dependencies": [],
        "title": "General Form",
        "text": "We should begin by writing the general form, and then substitute the given functions.",
        "variabilization": {},
        "oer": "https://OATutor.io <OATutor>",
        "license": "https://creativecommons.org/licenses/by/4.0/ <CC BY 4.0>",
        "speech": "We should begin by writing the general form, and then substitute the given functions.",
        "math": [
            ""
        ],
        "pacedSpeech": [
            "We should begin by writing the general form, and then substitute the given functions."
        ]
    },
    {
        "id": "a7b98f9comp1a-h2",
        "type": "scaffold",
        "problemType": "MultipleChoice",
        "answerType": "string",
        "hintAnswer": [
            "$$g(x)-f(x)$$"
        ],
        "dependencies": [
            "a7b98f9comp1a-h1"
        ],
        "title": "General Form",
        "text": "What is the general form of $$(g-f)(x)$$?",
        "variabilization": {},
        "oer": "https://OATutor.io <OATutor>",
        "license": "https://creativecommons.org/licenses/by/4.0/ <CC BY 4.0>",
        "choices": [
            "$$g(x)-f(x)$$",
            "$$g{\\left(x\\right)}+f{\\left(x\\right)}$$",
            "$$g{\\left(x\\right)} f{\\left(x\\right)}$$"
        ],
        "speech": "What is the general form of  times, parentheses g minus f,  times x ?",
        "math": [
            "$$(g-f)(x)$$"
        ],
        "pacedSpeech": [
            "What is the general form of   times,  g minus f,  times x"
        ]
    },
    {
        "id": "a7b98f9comp1a-h3",
        "type": "scaffold",
        "problemType": "MultipleChoice",
        "answerType": "string",
        "hintAnswer": [
            "$$x^2-1-x-1$$"
        ],
        "dependencies": [
            "a7b98f9comp1a-h2"
        ],
        "title": "Substitution",
        "text": "What do we get after substituting the given functions?",
        "variabilization": {},
        "oer": "https://OATutor.io <OATutor>",
        "license": "https://creativecommons.org/licenses/by/4.0/ <CC BY 4.0>",
        "choices": [
            "$$x^2-1+x-1$$",
            "$$x^2-1-x-1$$",
            "$$\\left(x^2-1\\right) \\left(x-1\\right)$$"
        ],
        "speech": "What do we get after substituting the given functions?",
        "math": [
            ""
        ],
        "pacedSpeech": [
            "What do we get after substituting the given functions?"
        ]
    },
    {
        "id": "a7b98f9comp1a-h4",
        "type": "scaffold",
        "problemType": "MultipleChoice",
        "answerType": "string",
        "hintAnswer": [
            "$$x \\left(x-1\\right)$$"
        ],
        "dependencies": [
            "a7b98f9comp1a-h3"
        ],
        "title": "Rearrangement",
        "text": "What do we get after rearranging the above equation?",
        "variabilization": {},
        "oer": "https://OATutor.io <OATutor>",
        "license": "https://creativecommons.org/licenses/by/4.0/ <CC BY 4.0>",
        "choices": [
            "$$x \\left(x-1\\right)$$",
            "$$x^2 \\left(x-1\\right)$$",
            "$$x \\left(x-2\\right)$$"
        ],
        "speech": "What do we get after rearranging the above equation?",
        "math": [
            ""
        ],
        "pacedSpeech": [
            "What do we get after rearranging the above equation?"
        ]
    }
]