[
    {
        "id": "ab8b840systemeq3a-h1",
        "type": "hint",
        "dependencies": [],
        "title": "Using substitution",
        "text": "The first step is to write one of the equations in terms of one of the variables.",
        "variabilization": {},
        "oer": "https://OATutor.io <OATutor>",
        "license": "https://creativecommons.org/licenses/by/4.0/ <CC BY 4.0>",
        "speech": "The first step is to write one of the equations in terms of one of the variables.",
        "math": [
            ""
        ],
        "pacedSpeech": [
            "The first step is to write one of the equations in terms of one of the variables."
        ]
    },
    {
        "id": "ab8b840systemeq3a-h2",
        "type": "scaffold",
        "problemType": "TextBox",
        "answerType": "arithmetic",
        "hintAnswer": [
            "$$y=2+3x$$"
        ],
        "dependencies": [
            "ab8b840systemeq3a-h1"
        ],
        "title": "Writing an equation in terms of one of the variables",
        "text": "Write the first equation in terms of $$y$$ (solve for x). What is the resulting equation?",
        "variabilization": {},
        "oer": "https://OATutor.io <OATutor>",
        "license": "https://creativecommons.org/licenses/by/4.0/ <CC BY 4.0>",
        "speech": "Write the first equation in terms of  y  (solve for x). What is the resulting equation?",
        "math": [
            "$$y$$"
        ],
        "pacedSpeech": [
            "Write the first equation in terms of   y ",
            " (solve for x). What is the resulting equation?"
        ]
    },
    {
        "id": "ab8b840systemeq3a-h3",
        "type": "hint",
        "dependencies": [
            "ab8b840systemeq3a-h2"
        ],
        "title": "Solving the system",
        "text": "The next step is to plug in the rewritten equation into the other equation and solve for the remaining variable.",
        "variabilization": {},
        "oer": "https://OATutor.io <OATutor>",
        "license": "https://creativecommons.org/licenses/by/4.0/ <CC BY 4.0>",
        "speech": "The next step is to plug in the rewritten equation into the other equation and solve for the remaining variable.",
        "math": [
            ""
        ],
        "pacedSpeech": [
            "The next step is to plug in the rewritten equation into the other equation and solve for the remaining variable."
        ]
    },
    {
        "id": "ab8b840systemeq3a-h4",
        "type": "hint",
        "dependencies": [
            "ab8b840systemeq3a-h3"
        ],
        "title": "Definition of a system of dependent solutions",
        "text": "A system of dependent equations consist of two equations that represent the same line. Algebraically, this means that the resulting equation will be an identity and therefore always true.",
        "variabilization": {},
        "oer": "https://OATutor.io <OATutor>",
        "license": "https://creativecommons.org/licenses/by/4.0/ <CC BY 4.0>",
        "speech": "A system of dependent equations consist of two equations that represent the same line. Algebraically, this means that the resulting equation will be an identity and therefore always true.",
        "math": [
            ""
        ],
        "pacedSpeech": [
            "A system of dependent equations consist of two equations that represent the same line. Algebraically, this means that the resulting equation will be an identity and therefore always true."
        ]
    }
]