[
    {
        "id": "ad37b31probability10a-h1",
        "type": "hint",
        "dependencies": [],
        "title": "Sample Space",
        "text": "There are $$8$$ total areas where the arrow can land on.",
        "variabilization": {},
        "oer": "https://OATutor.io <OATutor>",
        "license": "https://creativecommons.org/licenses/by/4.0/ <CC BY 4.0>",
        "speech": "There are  8  total areas where the arrow can land on.",
        "math": [
            "$$8$$"
        ],
        "pacedSpeech": [
            "There are   8 ",
            " total areas where the arrow can land on."
        ]
    },
    {
        "id": "ad37b31probability10a-h2",
        "type": "hint",
        "dependencies": [
            "ad37b31probability10a-h1"
        ],
        "title": "Vowel Slice",
        "text": "There are $$4$$ slices in the circle that the arrow can land on: the A, I, E, O.",
        "variabilization": {},
        "oer": "https://OATutor.io <OATutor>",
        "license": "https://creativecommons.org/licenses/by/4.0/ <CC BY 4.0>",
        "speech": "There are  4  slices in the circle that the arrow can land on: the A, I, E, O.",
        "math": [
            "$$4$$",
            "$$A, I, E, O$$"
        ],
        "pacedSpeech": [
            "There are   4 ",
            " slices in the circle that the arrow can land on: the A, I, E, O."
        ]
    },
    {
        "id": "ad37b31probability10a-h3",
        "type": "hint",
        "dependencies": [
            "ad37b31probability10a-h2"
        ],
        "title": "Divide",
        "text": "Divide the number of ways the arrow can land on a vowel by the total number of slices the arrow can land on.",
        "variabilization": {},
        "oer": "https://OATutor.io <OATutor>",
        "license": "https://creativecommons.org/licenses/by/4.0/ <CC BY 4.0>",
        "speech": "Divide the number of ways the arrow can land on a vowel by the total number of slices the arrow can land on.",
        "math": [
            ""
        ],
        "pacedSpeech": [
            "Divide the number of ways the arrow can land on a vowel by the total number of slices the arrow can land on."
        ]
    }
]