{
    "id": "a833c22linear20",
    "title": "Deciding Whether a Function Is Increasing, Decreasing, or Constant.",
    "body": "Some recent studies suggest that a teenager sends an average of $$60$$ texts per day. For each of the following scenarios, find the linear function that describes the relationship between the input value and the output value. Then, determine whether the graph of the function is increasing, decreasing, or constant.",
    "variabilization": {},
    "oer": "https://openstax.org/details/books/college-algebra-2e <OpenStax: College Algebra>",
    "license": "https://creativecommons.org/licenses/by/4.0/ <CC BY 4.0>",
    "lesson": "4.1 Linear Functions",
    "courseName": "OpenStax: College Algebra"
}