{
    "id": "ab8b840systems3",
    "title": "Solving a System of Equations in Two Variables by Substitution",
    "body": "Solve the following system of equations by substitution.",
    "variabilization": {},
    "oer": "https://openstax.org/details/books/college-algebra-2e <OpenStax: College Algebra>",
    "license": "https://creativecommons.org/licenses/by/4.0/ <CC BY 4.0>",
    "lesson": "7.1 Systems of Linear Equations: Two Variables",
    "courseName": "OpenStax: College Algebra"
}