[
    {
        "id": "a7ea646graph18a-h1",
        "type": "hint",
        "dependencies": [],
        "title": "Substituting $$t$$",
        "text": "We can let $$t=x^3$$ and substitute into the equation. We now have $$g(t)=t^2-7t-8$$. This is a quadratic that we can factor normally.",
        "variabilization": {},
        "oer": "https://OATutor.io <OATutor>",
        "license": "https://creativecommons.org/licenses/by/4.0/ <CC BY 4.0>",
        "speech": "We can let  t is equal to, x cubed  and substitute into the equation. We now have  g of t is equal to, t squared minus 7 t minus 8 . This is a quadratic that we can factor normally.",
        "math": [
            "$$t=x^3$$",
            "$$g(t)=t^2-7t-8$$"
        ],
        "pacedSpeech": [
            "We can let   t is equal to, x cubed ",
            " and substitute into the equation. We now have   g of t is equal to, t squared minus 7 t minus 8 ",
            ". This is a quadratic that we can factor normally."
        ]
    },
    {
        "id": "a7ea646graph18a-h2",
        "type": "hint",
        "dependencies": [
            "a7ea646graph18a-h1"
        ],
        "title": "Factoring the Quadratic",
        "text": "Using factoring, we can convert $$t^2-7t-8$$ to $$\\left(t-8\\right) \\left(t+1\\right)$$. So, our equation is now $$g(t)=\\left(t-8\\right) \\left(t+1\\right)$$.",
        "variabilization": {},
        "oer": "https://OATutor.io <OATutor>",
        "license": "https://creativecommons.org/licenses/by/4.0/ <CC BY 4.0>",
        "speech": "Using factoring, we can convert  t squared minus 7 t minus 8  to  parentheses t minus 8,  times, parentheses t plus 1,  . So, our equation is now  g of t is equal to parentheses t minus 8,  times, parentheses t plus 1,  .",
        "math": [
            "$$t^2-7t-8$$",
            "$$\\left(t-8\\right) \\left(t+1\\right)$$",
            "$$g(t)=\\left(t-8\\right) \\left(t+1\\right)$$"
        ],
        "pacedSpeech": [
            "Using factoring, we can convert   t squared minus 7 t minus 8 ",
            " to    t minus 8,  times,  t plus 1,  ",
            ". So, our equation is now   g of t is equal to  t minus 8,  times,  t plus 1,"
        ]
    },
    {
        "id": "a7ea646graph18a-h3",
        "type": "hint",
        "dependencies": [
            "a7ea646graph18a-h2"
        ],
        "title": "Solving for $$t$$",
        "text": "We can now solve for $$t$$ by setting the equation equal to $$0$$. $$0=\\left(t-8\\right) \\left(t+1\\right)$$. $$t=8, -1$$.",
        "variabilization": {},
        "oer": "https://OATutor.io <OATutor>",
        "license": "https://creativecommons.org/licenses/by/4.0/ <CC BY 4.0>",
        "speech": "We can now solve for  t  by setting the equation equal to  0 .  0 is equal to parentheses t minus 8,  times, parentheses t plus 1,  .  t is equal to 8 comma negative 1 .",
        "math": [
            "$$t$$",
            "$$0$$",
            "$$0=\\left(t-8\\right) \\left(t+1\\right)$$",
            "$$t=8, -1$$"
        ],
        "pacedSpeech": [
            "We can now solve for   t ",
            " by setting the equation equal to   0 ",
            ".   0 is equal to  t minus 8,  times,  t plus 1,  ",
            ".   t is equal to 8 comma negative 1"
        ]
    },
    {
        "id": "a7ea646graph18a-h4",
        "type": "hint",
        "dependencies": [
            "a7ea646graph18a-h3"
        ],
        "title": "Solving for the Intercepts",
        "text": "Since we know the values of $$t$$, we can take their cube root to find the values of $$x$$. $$x=2, -1$$. This means our intercepts are $$(2,0)$$ and $$(-1,0)$$.",
        "variabilization": {},
        "oer": "https://OATutor.io <OATutor>",
        "license": "https://creativecommons.org/licenses/by/4.0/ <CC BY 4.0>",
        "speech": "Since we know the values of  t , we can take their cube root to find the values of  x .  x is equal to 2 comma negative 1 . This means our intercepts are , parentheses 2 comma 0,   and , parentheses, negative 1 comma 0,  .",
        "math": [
            "$$t$$",
            "$$x$$",
            "$$x=2, -1$$",
            "$$(2,0)$$",
            "$$(-1,0)$$"
        ],
        "pacedSpeech": [
            "Since we know the values of   t ",
            ", we can take their cube root to find the values of   x ",
            ".   x is equal to 2 comma negative 1 ",
            ". This means our intercepts are  ,  2 comma 0,  ",
            " and  , , negative 1 comma 0,"
        ]
    }
]