[
    {
        "id": "a5ccaf6logarithmsandlogistic3a-h1",
        "type": "hint",
        "dependencies": [],
        "title": "How to Find the $$y$$ intercept",
        "text": "The $$y$$ intercept is $$P(t)$$ when $$t=0$$.",
        "variabilization": {},
        "oer": "https://OATutor.io <OATutor>",
        "license": "https://creativecommons.org/licenses/by/4.0/ <CC BY 4.0>",
        "speech": "The , y  intercept is p of t when  t, is equal to 0 .",
        "math": [
            "$$y$$",
            "$$P(t)$$",
            "$$t=0$$"
        ],
        "pacedSpeech": [
            "The  , y ",
            " intercept is p of t",
            "when   t, is equal to 0"
        ]
    }
]