[
    {
        "id": "a833c22linear20a-h1",
        "type": "hint",
        "dependencies": [],
        "title": "Rewrite",
        "text": "Let's try to rewrite this in equation form. We can make our variable $$x$$ where $$x$$ $$=$$ the number of days",
        "variabilization": {},
        "oer": "https://OATutor.io <OATutor>",
        "license": "https://creativecommons.org/licenses/by/4.0/ <CC BY 4.0>",
        "speech": "Let's try to rewrite this in equation form. We can make our variable , x  where  x  , is equal to  the number of days",
        "math": [
            "$$x$$",
            "$$x$$",
            "$$=$$"
        ],
        "pacedSpeech": [
            "Let's try to rewrite this in equation form. We can make our variable  , x ",
            " where   x ",
            "  , is equal to ",
            " the number of days"
        ]
    },
    {
        "id": "a833c22linear20a-h2",
        "type": "hint",
        "dependencies": [
            "a833c22linear20a-h1"
        ],
        "title": "Rewrite",
        "text": "We can rewrite it to be $$f(x) = 60x$$ because that is how many texts are sent each day",
        "variabilization": {},
        "oer": "https://OATutor.io <OATutor>",
        "license": "https://creativecommons.org/licenses/by/4.0/ <CC BY 4.0>",
        "speech": "We can rewrite it to be f of x , is equal to,   60 x  because that is how many texts are sent each day",
        "math": [
            "$$f(x) = 60x$$"
        ],
        "pacedSpeech": [
            "We can rewrite it to be f of x  , is equal to,  60 x ",
            " because that is how many texts are sent each day"
        ]
    },
    {
        "id": "a833c22linear20a-h3",
        "type": "scaffold",
        "problemType": "MultipleChoice",
        "answerType": "string",
        "hintAnswer": [
            "positive"
        ],
        "dependencies": [
            "a833c22linear20a-h2"
        ],
        "title": "Checking for if function is increasing, decreasing, or constant.",
        "text": "To see if our function is increasing, decreasing, or constant, we have to check the slope. Is the slope positive, constant, or negative?",
        "variabilization": {},
        "oer": "https://OATutor.io <OATutor>",
        "license": "https://creativecommons.org/licenses/by/4.0/ <CC BY 4.0>",
        "choices": [
            "positive",
            "constant",
            "negative"
        ],
        "speech": "To see if our function is increasing, decreasing, or constant, we have to check the slope. Is the slope positive, constant, or negative?",
        "math": [
            ""
        ],
        "pacedSpeech": [
            "To see if our function is increasing, decreasing, or constant, we have to check the slope. Is the slope positive, constant, or negative?"
        ]
    },
    {
        "id": "a833c22linear20a-h4",
        "type": "hint",
        "dependencies": [
            "a833c22linear20a-h3"
        ],
        "title": "Checking for if function is increasing, decreasing, or constant.",
        "text": "We see that $$60$$ is positive which means our function is increasing",
        "variabilization": {},
        "oer": "https://OATutor.io <OATutor>",
        "license": "https://creativecommons.org/licenses/by/4.0/ <CC BY 4.0>",
        "speech": "We see that  60  is positive which means our function is increasing",
        "math": [
            "$$60$$"
        ],
        "pacedSpeech": [
            "We see that   60 ",
            " is positive which means our function is increasing"
        ]
    }
]