{
    "id": "af227bbMoApp3",
    "title": "Setting Up a Linear Equation to Solve a Real-World Application",
    "body": "There are two cell phone companies that offer different packages. Company A charges a monthly service fee of $34 plus $.05/min talk-time. Company B charges a monthly service fee of $40 plus $.04/min talk-time.",
    "variabilization": {},
    "oer": "https://openstax.org/details/books/college-algebra-2e <OpenStax: College Algebra>",
    "license": "https://creativecommons.org/licenses/by/4.0/ <CC BY 4.0>",
    "lesson": "2.3 Models and Applications",
    "courseName": "OpenStax: College Algebra"
}