[
    {
        "id": "aa97d5brates6a-h1",
        "type": "hint",
        "dependencies": [],
        "title": "Defining Local Maximum",
        "text": "A function f has a local maximum at $$x=b$$ if there exists an interval $$(a,c)$$ with $$a<b<c$$ such that, for any $$x$$ in the interval $$(a,c)$$, $$f(x) \\leq f(b)$$. In other words, a local minimum is a high point on the graph.",
        "variabilization": {},
        "oer": "https://OATutor.io <OATutor>",
        "license": "https://creativecommons.org/licenses/by/4.0/ <CC BY 4.0>",
        "speech": "A function f has a local maximum at  x is equal to b  if there exists an interval parentheses a comma c with  a, is less than b is less than c  such that, for any  x  in the interval parentheses a comma c,  f of x is less than or equal to, f of b . In other words, a local minimum is a high point on the graph.",
        "math": [
            "$$x=b$$",
            "$$(a,c)$$",
            "$$a<b<c$$",
            "$$x$$",
            "$$(a,c)$$",
            "$$f(x) \\leq f(b)$$"
        ],
        "pacedSpeech": [
            "A function f has a local maximum at   x is equal to b ",
            " if there exists an interval parentheses a comma c",
            "with   a, is less than b is less than c ",
            " such that, for any   x ",
            " in the interval parentheses a comma c",
            "   f of x is less than or equal to, f of b ",
            ". In other words, a local minimum is a high point on the graph."
        ]
    },
    {
        "id": "aa97d5brates6a-h2",
        "type": "scaffold",
        "problemType": "TextBox",
        "answerType": "arithmetic",
        "hintAnswer": [
            "$$1$$"
        ],
        "dependencies": [
            "aa97d5brates6a-h1"
        ],
        "title": "Local Maximum",
        "text": "At which $$x$$ does the graph attain a local maximum?",
        "variabilization": {},
        "oer": "https://OATutor.io <OATutor>",
        "license": "https://creativecommons.org/licenses/by/4.0/ <CC BY 4.0>",
        "subHints": [
            {
                "id": "aa97d5brates6a-h2-s1",
                "type": "hint",
                "dependencies": [],
                "title": "Local Maximum",
                "text": "The graph attains a local maximum at $$x=1$$ because it is the highest point in an open interval around $$x=1$$.",
                "variabilization": {},
                "oer": "https://OATutor.io <OATutor>",
                "license": "https://creativecommons.org/licenses/by/4.0/ <CC BY 4.0>"
            }
        ],
        "speech": "At which  x  does the graph attain a local maximum?",
        "math": [
            "$$x$$"
        ],
        "pacedSpeech": [
            "At which   x ",
            " does the graph attain a local maximum?"
        ]
    },
    {
        "id": "aa97d5brates6a-h3",
        "type": "scaffold",
        "problemType": "TextBox",
        "answerType": "arithmetic",
        "hintAnswer": [
            "$$2$$"
        ],
        "dependencies": [
            "aa97d5brates6a-h2"
        ],
        "title": "Local Maximum",
        "text": "What is the corresponding y-coordinate at $$x=1$$?",
        "variabilization": {},
        "oer": "https://OATutor.io <OATutor>",
        "license": "https://creativecommons.org/licenses/by/4.0/ <CC BY 4.0>",
        "speech": "What is the corresponding y-coordinate at  x is equal to 1, ?",
        "math": [
            "$$x=1$$"
        ],
        "pacedSpeech": [
            "What is the corresponding y-coordinate at   x is equal to 1,"
        ]
    }
]