[
    {
        "id": "ab8b840systemeq1a-h1",
        "type": "hint",
        "dependencies": [],
        "title": "Clearing the Decimal",
        "text": "The first step is to multiply the first equation by a number in order to change the $$0.2$$ into a whole number. This will make the equation easier to solve.",
        "variabilization": {},
        "oer": "https://OATutor.io <OATutor>",
        "license": "https://creativecommons.org/licenses/by/4.0/ <CC BY 4.0>",
        "speech": "The first step is to multiply the first equation by a number in order to change the  0.2  into a whole number. This will make the equation easier to solve.",
        "math": [
            "$$0.2$$"
        ],
        "pacedSpeech": [
            "The first step is to multiply the first equation by a number in order to change the   0.2 ",
            " into a whole number. This will make the equation easier to solve."
        ]
    },
    {
        "id": "ab8b840systemeq1a-h2",
        "type": "scaffold",
        "problemType": "TextBox",
        "answerType": "arithmetic",
        "hintAnswer": [
            "$$2$$"
        ],
        "dependencies": [
            "ab8b840systemeq1a-h1"
        ],
        "title": "Multiplying decimals",
        "text": "What is $$10\\times0.2$$?",
        "variabilization": {},
        "oer": "https://OATutor.io <OATutor>",
        "license": "https://creativecommons.org/licenses/by/4.0/ <CC BY 4.0>",
        "speech": "What is  10 times 0.2 ?",
        "math": [
            "$$10\\times0.2$$"
        ],
        "pacedSpeech": [
            "What is   10 times 0.2"
        ]
    },
    {
        "id": "ab8b840systemeq1a-h3",
        "type": "hint",
        "dependencies": [],
        "title": "Using substitution",
        "text": "The next step is to rewrite one of the equations in terms of one of the variables and plug it into the other equation.",
        "variabilization": {},
        "oer": "https://OATutor.io <OATutor>",
        "license": "https://creativecommons.org/licenses/by/4.0/ <CC BY 4.0>",
        "speech": "The next step is to rewrite one of the equations in terms of one of the variables and plug it into the other equation.",
        "math": [
            ""
        ],
        "pacedSpeech": [
            "The next step is to rewrite one of the equations in terms of one of the variables and plug it into the other equation."
        ]
    },
    {
        "id": "ab8b840systemeq1a-h4",
        "type": "hint",
        "dependencies": [],
        "title": "Definition of inconsistent systems of equations",
        "text": "An inconsistent system of equations consists of parallel lines that never intersect. Algebraically, that means that the system of equation will result in a false equality.",
        "variabilization": {},
        "oer": "https://OATutor.io <OATutor>",
        "license": "https://creativecommons.org/licenses/by/4.0/ <CC BY 4.0>",
        "speech": "An inconsistent system of equations consists of parallel lines that never intersect. Algebraically, that means that the system of equation will result in a false equality.",
        "math": [
            ""
        ],
        "pacedSpeech": [
            "An inconsistent system of equations consists of parallel lines that never intersect. Algebraically, that means that the system of equation will result in a false equality."
        ]
    }
]