[
    {
        "id": "ab8b840systems15a-h1",
        "type": "hint",
        "dependencies": [],
        "title": "Solve",
        "text": "The first step is to rewrite one of the equations in terms of one of the variables.",
        "variabilization": {},
        "oer": "https://OATutor.io <OATutor>",
        "license": "https://creativecommons.org/licenses/by/4.0/ <CC BY 4.0>",
        "speech": "The first step is to rewrite one of the equations in terms of one of the variables.",
        "math": [
            ""
        ],
        "pacedSpeech": [
            "The first step is to rewrite one of the equations in terms of one of the variables."
        ]
    },
    {
        "id": "ab8b840systems15a-h2",
        "type": "scaffold",
        "problemType": "TextBox",
        "answerType": "arithmetic",
        "hintAnswer": [
            "$$x=-2y-1.9$$"
        ],
        "dependencies": [
            "ab8b840systems15a-h1"
        ],
        "title": "Solve",
        "text": "Rewrite the first equation in terms of $$y$$. What is the equation?",
        "variabilization": {},
        "oer": "https://OATutor.io <OATutor>",
        "license": "https://creativecommons.org/licenses/by/4.0/ <CC BY 4.0>",
        "speech": "Rewrite the first equation in terms of  y . What is the equation?",
        "math": [
            "$$y$$"
        ],
        "pacedSpeech": [
            "Rewrite the first equation in terms of   y ",
            ". What is the equation?"
        ]
    },
    {
        "id": "ab8b840systems15a-h3",
        "type": "hint",
        "dependencies": [
            "ab8b840systems15a-h2"
        ],
        "title": "Substitute",
        "text": "Next, substitute the first equation into the second. Use the x-value you found in the previous hint, and simplify until you find the value of $$y$$.",
        "variabilization": {},
        "oer": "https://OATutor.io <OATutor>",
        "license": "https://creativecommons.org/licenses/by/4.0/ <CC BY 4.0>",
        "speech": "Next, substitute the first equation into the second. Use the x-value you found in the previous hint, and simplify until you find the value of  y .",
        "math": [
            "$$y$$"
        ],
        "pacedSpeech": [
            "Next, substitute the first equation into the second. Use the x-value you found in the previous hint, and simplify until you find the value of   y"
        ]
    },
    {
        "id": "ab8b840systems15a-h4",
        "type": "scaffold",
        "problemType": "TextBox",
        "answerType": "arithmetic",
        "hintAnswer": [
            "$$-0.8$$"
        ],
        "dependencies": [
            "ab8b840systems15a-h3"
        ],
        "title": "Solve",
        "text": "Solve for $$y$$ with the new substituted equation. What is the value of $$y$$?",
        "variabilization": {},
        "oer": "https://OATutor.io <OATutor>",
        "license": "https://creativecommons.org/licenses/by/4.0/ <CC BY 4.0>",
        "speech": "Solve for  y  with the new substituted equation. What is the value of  y, ?",
        "math": [
            "$$y$$",
            "$$y$$"
        ],
        "pacedSpeech": [
            "Solve for   y ",
            " with the new substituted equation. What is the value of   y,"
        ]
    },
    {
        "id": "ab8b840systems15a-h5",
        "type": "hint",
        "dependencies": [
            "ab8b840systems15a-h4"
        ],
        "title": "Substitute",
        "text": "Next, substitute the numeric value of $$y$$ that you now know into either or the original equations. Solve for $$x$$ to find the numeric solution the system of equations.",
        "variabilization": {},
        "oer": "https://OATutor.io <OATutor>",
        "license": "https://creativecommons.org/licenses/by/4.0/ <CC BY 4.0>",
        "speech": "Next, substitute the numeric value of  y  that you now know into either or the original equations. Solve for  x,  to find the numeric solution the system of equations.",
        "math": [
            "$$y$$",
            "$$x$$"
        ],
        "pacedSpeech": [
            "Next, substitute the numeric value of   y ",
            " that you now know into either or the original equations. Solve for   x, ",
            " to find the numeric solution the system of equations."
        ]
    },
    {
        "id": "ab8b840systems15a-h6",
        "type": "scaffold",
        "problemType": "TextBox",
        "answerType": "arithmetic",
        "hintAnswer": [
            "$$-0.3$$"
        ],
        "dependencies": [
            "ab8b840systems15a-h5"
        ],
        "title": "Solve",
        "text": "What does $$x$$ equal when the $$y$$ value is substituted into either of the original equations?",
        "variabilization": {},
        "oer": "https://OATutor.io <OATutor>",
        "license": "https://creativecommons.org/licenses/by/4.0/ <CC BY 4.0>",
        "speech": "What does  x  equal when the  y,  value is substituted into either of the original equations?",
        "math": [
            "$$x$$",
            "$$y$$"
        ],
        "pacedSpeech": [
            "What does   x ",
            " equal when the   y, ",
            " value is substituted into either of the original equations?"
        ]
    },
    {
        "id": "ab8b840systems15a-h7",
        "type": "hint",
        "dependencies": [
            "ab8b840systems15a-h6"
        ],
        "title": "Interpret",
        "text": "Knowing that $$x=-0.3$$ and $$y=-0.8$$, we can finalize our answer to be $$(-0.3, -0.8)$$",
        "variabilization": {},
        "oer": "https://OATutor.io <OATutor>",
        "license": "https://creativecommons.org/licenses/by/4.0/ <CC BY 4.0>",
        "speech": "Knowing that  x is equal to, negative 0.3  and  y, is equal to negative 0.8 , we can finalize our answer to be  parentheses, negative 0.3 comma negative 0.8",
        "math": [
            "$$x=-0.3$$",
            "$$y=-0.8$$",
            "$$(-0.3, -0.8)$$"
        ],
        "pacedSpeech": [
            "Knowing that   x is equal to, negative 0.3 ",
            " and   y, is equal to negative 0.8 ",
            ", we can finalize our answer to be   , negative 0.3 comma negative 0.8"
        ]
    }
]