[
    {
        "id": "a7b98f9composition20b-h1",
        "type": "hint",
        "dependencies": [],
        "title": "Subtraction",
        "text": "Remember that $$f-g$$ is the same as $$(f-g)(x)$$. All we have to do is add the two functions.",
        "variabilization": {},
        "oer": "https://OATutor.io <OATutor>",
        "license": "https://creativecommons.org/licenses/by/4.0/ <CC BY 4.0>",
        "speech": "Remember that f minus g is the same as  times, parentheses f minus g,  of x . All we have to do is add the two functions.",
        "math": [
            "$$f-g$$",
            "$$(f-g)(x)$$"
        ],
        "pacedSpeech": [
            "Remember that f minus g",
            "is the same as   times,  f minus g,  of x ",
            ". All we have to do is add the two functions."
        ]
    },
    {
        "id": "a7b98f9composition20b-h2",
        "type": "hint",
        "dependencies": [
            "a7b98f9composition20b-h1"
        ],
        "title": "Subtraction",
        "text": "There are no like terms to combine, so the answer is just the difference of the two functions.",
        "variabilization": {},
        "oer": "https://OATutor.io <OATutor>",
        "license": "https://creativecommons.org/licenses/by/4.0/ <CC BY 4.0>",
        "speech": "There are no like terms to combine, so the answer is just the difference of the two functions.",
        "math": [
            ""
        ],
        "pacedSpeech": [
            "There are no like terms to combine, so the answer is just the difference of the two functions."
        ]
    }
]