[
    {
        "id": "a7ea646graph15a-h1",
        "type": "hint",
        "dependencies": [],
        "title": "Pairing Together Terms",
        "text": "We can pair together the first and second terms and the third and fourth terms as shown: $$f(x)=x^3+x^2-4x+4$$.",
        "variabilization": {},
        "oer": "https://OATutor.io <OATutor>",
        "license": "https://creativecommons.org/licenses/by/4.0/ <CC BY 4.0>",
        "speech": "We can pair together the first and second terms and the third and fourth terms as shown:  f of x is equal to x cubed plus x squared minus 4 x plus 4 .",
        "math": [
            "$$f(x)=x^3+x^2-4x+4$$"
        ],
        "pacedSpeech": [
            "We can pair together the first and second terms and the third and fourth terms as shown:   f of x is equal to x cubed plus x squared minus 4 x plus 4"
        ]
    },
    {
        "id": "a7ea646graph15a-h2",
        "type": "hint",
        "dependencies": [
            "a7ea646graph15a-h1"
        ],
        "title": "Taking Out the Common Term",
        "text": "Now, we must take out the common term in both pairs of terms. $$f(x)=x^{2\\left(x+1\\right)}-4\\left(x+1\\right)$$.",
        "variabilization": {},
        "oer": "https://OATutor.io <OATutor>",
        "license": "https://creativecommons.org/licenses/by/4.0/ <CC BY 4.0>",
        "speech": "Now, we must take out the common term in both pairs of terms.  f of x is equal to x raised to the 2 times, parentheses x plus 1,  power minus, 4 times, parentheses x plus 1,  .",
        "math": [
            "$$f(x)=x^{2\\left(x+1\\right)}-4\\left(x+1\\right)$$"
        ],
        "pacedSpeech": [
            "Now, we must take out the common term in both pairs of terms.   f of x is equal to x raised to the 2 times,  x plus 1,  power minus, 4 times,  x plus 1,"
        ]
    },
    {
        "id": "a7ea646graph15a-h3",
        "type": "hint",
        "dependencies": [
            "a7ea646graph15a-h2"
        ],
        "title": "Joining Together Both Terms",
        "text": "We can now put together both terms into a single quadratic. $$f(x)=\\left(x^2-4\\right) \\left(x+1\\right)$$",
        "variabilization": {},
        "oer": "https://OATutor.io <OATutor>",
        "license": "https://creativecommons.org/licenses/by/4.0/ <CC BY 4.0>",
        "speech": "We can now put together both terms into a single quadratic.  f of x is equal to parentheses, x squared minus 4,  times, parentheses x plus 1,",
        "math": [
            "$$f(x)=\\left(x^2-4\\right) \\left(x+1\\right)$$"
        ],
        "pacedSpeech": [
            "We can now put together both terms into a single quadratic.   f of x is equal to , x squared minus 4,  times,  x plus 1,"
        ]
    },
    {
        "id": "a7ea646graph15a-h4",
        "type": "hint",
        "dependencies": [
            "a7ea646graph15a-h3"
        ],
        "title": "Factoring the Quadratic",
        "text": "We can now factor the quadratic. $$x^2-4=\\left(x+2\\right) \\left(x-2\\right)$$. We now have $$f(x)=\\left(x+2\\right) \\left(x-2\\right) \\left(x+1\\right)$$.",
        "variabilization": {},
        "oer": "https://OATutor.io <OATutor>",
        "license": "https://creativecommons.org/licenses/by/4.0/ <CC BY 4.0>",
        "speech": "We can now factor the quadratic.  x squared minus 4, is equal to parentheses x plus 2,  times, parentheses x minus 2,  . We now have  f of x is equal to parentheses x plus 2,  times, parentheses x minus 2,  times, parentheses x plus 1,  .",
        "math": [
            "$$x^2-4=\\left(x+2\\right) \\left(x-2\\right)$$",
            "$$f(x)=\\left(x+2\\right) \\left(x-2\\right) \\left(x+1\\right)$$"
        ],
        "pacedSpeech": [
            "We can now factor the quadratic.   x squared minus 4, is equal to  x plus 2,  times,  x minus 2,  ",
            ". We now have   f of x is equal to  x plus 2,  times,  x minus 2,  times,  x plus 1,"
        ]
    },
    {
        "id": "a7ea646graph15a-h5",
        "type": "hint",
        "dependencies": [
            "a7ea646graph15a-h4"
        ],
        "title": "Solving for the Intercepts",
        "text": "We must now set the whole equation to $$0$$ to solve for the x-intercepts. $$0=\\left(x+2\\right) \\left(x-2\\right) \\left(x+1\\right)$$. This means that $$x=-2, 2, -1$$. Our x-intercepts are therefore: $$(-2,0),(2,0),(-1,0)$$",
        "variabilization": {},
        "oer": "https://OATutor.io <OATutor>",
        "license": "https://creativecommons.org/licenses/by/4.0/ <CC BY 4.0>",
        "speech": "We must now set the whole equation to  0  to solve for the x-intercepts.  0, is equal to parentheses x plus 2,  times, parentheses x minus 2,  times, parentheses x plus 1,  . This means that  x is equal to negative 2 comma 2 comma negative 1 . Our x-intercepts are therefore: , parentheses, negative 2 comma 0,  comma, parentheses 2 comma 0,  comma, parentheses, negative 1 comma 0,",
        "math": [
            "$$0$$",
            "$$0=\\left(x+2\\right) \\left(x-2\\right) \\left(x+1\\right)$$",
            "$$x=-2, 2, -1$$",
            "$$(-2,0),(2,0),(-1,0)$$"
        ],
        "pacedSpeech": [
            "We must now set the whole equation to   0 ",
            " to solve for the x-intercepts.   0, is equal to  x plus 2,  times,  x minus 2,  times,  x plus 1,  ",
            ". This means that   x is equal to negative 2 comma 2 comma negative 1 ",
            ". Our x-intercepts are therefore:  , , negative 2 comma 0,  comma,  2 comma 0,  comma, , negative 1 comma 0,"
        ]
    }
]