[
    {
        "id": "a0351f0theparabola21a-h1",
        "type": "hint",
        "dependencies": [],
        "title": "Finding The Characteristics",
        "text": "Since this parabola is already in standard form, we know that the vertex is $$(-4,-1)$$ and that $$p=6$$. This means that the focus is $$(-4,5)$$ and that the directrix is $$y=-7$$",
        "variabilization": {},
        "oer": "https://OATutor.io <OATutor>",
        "license": "https://creativecommons.org/licenses/by/4.0/ <CC BY 4.0>",
        "speech": "Since this parabola is already in standard form, we know that the vertex is  times, parentheses, negative 4 comma negative 1,   and that  p is equal to 6 . This means that the focus is , parentheses, negative 4 comma 5,   and that the directrix is  y is equal to negative 7",
        "math": [
            "$$(-4,-1)$$",
            "$$p=6$$",
            "$$(-4,5)$$",
            "$$y=-7$$"
        ],
        "pacedSpeech": [
            "Since this parabola is already in standard form, we know that the vertex is   times, , negative 4 comma negative 1,  ",
            " and that   p is equal to 6 ",
            ". This means that the focus is  , , negative 4 comma 5,  ",
            " and that the directrix is   y is equal to negative 7"
        ]
    }
]