{
    "id": "ab8b840systems2",
    "title": "Systems of Linear Equations: Two Variables",
    "body": "Determine whether the ordered pair $$(8,5)$$ is a solution to the given system of equations.",
    "variabilization": {},
    "oer": "https://openstax.org/details/books/college-algebra-2e <OpenStax: College Algebra>",
    "license": "https://creativecommons.org/licenses/by/4.0/ <CC BY 4.0>",
    "lesson": "7.1 Systems of Linear Equations: Two Variables",
    "courseName": "OpenStax: College Algebra"
}