[
    {
        "id": "a0351f0theparabola18a-h1",
        "type": "hint",
        "dependencies": [],
        "title": "Finding The Characteristics",
        "text": "Since this parabola is already in standard form, we know that the vertex is $$(-4,2)$$ and that $$p=\\frac{1}{5}$$. This means that the focus is $$(-4+\\frac{1}{5},2)$$ and the directrix is $$x=-4-\\frac{1}{5}$$",
        "variabilization": {},
        "oer": "https://OATutor.io <OATutor>",
        "license": "https://creativecommons.org/licenses/by/4.0/ <CC BY 4.0>",
        "speech": "Since this parabola is already in standard form, we know that the vertex is  times, parentheses, negative 4 comma 2,   and that  p is equal to 1 fifth . This means that the focus is  parentheses, negative 4 plus 1 fifth, comma 2   and the directrix is  x is equal to, negative 4 minus 1 fifth",
        "math": [
            "$$(-4,2)$$",
            "$$p=\\frac{1}{5}$$",
            "$$(-4+\\frac{1}{5},2)$$",
            "$$x=-4-\\frac{1}{5}$$"
        ],
        "pacedSpeech": [
            "Since this parabola is already in standard form, we know that the vertex is   times, , negative 4 comma 2,  ",
            " and that   p is equal to 1 fifth ",
            ". This means that the focus is   , negative 4 plus 1 fifth, comma 2  ",
            " and the directrix is   x is equal to, negative 4 minus 1 fifth"
        ]
    }
]