[
    {
        "id": "a0351f0theparabola13a-h1",
        "type": "hint",
        "dependencies": [],
        "title": "Writing in Standard Form",
        "text": "We can divide both sides by $$-4$$ to put the equation in standard form. We now have $$\\frac{-y}{4}=x^2$$",
        "variabilization": {},
        "oer": "https://OATutor.io <OATutor>",
        "license": "https://creativecommons.org/licenses/by/4.0/ <CC BY 4.0>",
        "speech": "We can divide both sides by  minus, 4  to put the equation in standard form. We now have , fraction, negative y, over 4,  is equal to x squared",
        "math": [
            "$$-4$$",
            "$$\\frac{-y}{4}=x^2$$"
        ],
        "pacedSpeech": [
            "We can divide both sides by   minus, 4 ",
            " to put the equation in standard form. We now have  , fraction, negative y, over 4,  is equal to x squared"
        ]
    },
    {
        "id": "a0351f0theparabola13a-h2",
        "type": "hint",
        "dependencies": [
            "a0351f0theparabola13a-h1"
        ],
        "title": "Finding The Characteristics",
        "text": "From the equation, we can see that the vertex is $$(0,0)$$. Because we know that $$p=\\frac{-1}{16}$$, we know that the focus is $$(0,\\frac{-1}{16})$$ and the directrix is $$y=\\frac{1}{16}$$",
        "variabilization": {},
        "oer": "https://OATutor.io <OATutor>",
        "license": "https://creativecommons.org/licenses/by/4.0/ <CC BY 4.0>",
        "speech": "From the equation, we can see that the vertex is  times, parentheses 0 comma 0,  . Because we know that  p is equal to fraction, negative 1, over 16,  , we know that the focus is  parentheses 0 comma, fraction, negative 1, over 16,    and the directrix is  y is equal to 1 over 16",
        "math": [
            "$$(0,0)$$",
            "$$p=\\frac{-1}{16}$$",
            "$$(0,\\frac{-1}{16})$$",
            "$$y=\\frac{1}{16}$$"
        ],
        "pacedSpeech": [
            "From the equation, we can see that the vertex is   times,  0 comma 0,  ",
            ". Because we know that   p is equal to fraction, negative 1, over 16,  ",
            ", we know that the focus is    0 comma, fraction, negative 1, over 16,   ",
            " and the directrix is   y is equal to 1 over 16"
        ]
    }
]