[
    {
        "id": "af227bbMoApp6c-h1",
        "type": "hint",
        "dependencies": [],
        "title": "Translation to Math Operations",
        "text": "We have modeled the total cost of these two companies' plans, so \"make the two plans equal\" can be translated to a equation.",
        "variabilization": {},
        "oer": "https://OATutor.io <OATutor>",
        "license": "https://creativecommons.org/licenses/by/4.0/ <CC BY 4.0>",
        "speech": "We have modeled the total cost of these two companies' plans, so \"make the two plans equal\" can be translated to a equation.",
        "math": [
            ""
        ],
        "pacedSpeech": [
            "We have modeled the total cost of these two companies' plans, so \"make the two plans equal\" can be translated to a equation."
        ]
    },
    {
        "id": "af227bbMoApp6c-h2",
        "type": "scaffold",
        "problemType": "TextBox",
        "answerType": "arithmetic",
        "hintAnswer": [
            "$$0.05x+20=0.1x+5$$"
        ],
        "dependencies": [
            "af227bbMoApp6c-h1"
        ],
        "title": "Translation to Math Operations",
        "text": "What is the equation that can model the question?",
        "variabilization": {},
        "oer": "https://OATutor.io <OATutor>",
        "license": "https://creativecommons.org/licenses/by/4.0/ <CC BY 4.0>",
        "speech": "What is the equation that can model the question?",
        "math": [
            ""
        ],
        "pacedSpeech": [
            "What is the equation that can model the question?"
        ]
    },
    {
        "id": "af227bbMoApp6c-h3",
        "type": "scaffold",
        "problemType": "TextBox",
        "answerType": "arithmetic",
        "hintAnswer": [
            "$$300$$"
        ],
        "dependencies": [
            "af227bbMoApp6c-h2"
        ],
        "title": "Simplify and Solve",
        "text": "Solve the equation. What is $$x$$?",
        "variabilization": {},
        "oer": "https://OATutor.io <OATutor>",
        "license": "https://creativecommons.org/licenses/by/4.0/ <CC BY 4.0>",
        "speech": "Solve the equation. What is  x ?",
        "math": [
            "$$x$$"
        ],
        "pacedSpeech": [
            "Solve the equation. What is   x"
        ]
    },
    {
        "id": "af227bbMoApp6c-h4",
        "type": "hint",
        "dependencies": [
            "af227bbMoApp6c-h3"
        ],
        "title": "Explaine the solution",
        "text": "The solution of this equation is $$x=300$$, which means $$300$$ minutes of calling would make the two plans equal.",
        "variabilization": {},
        "oer": "https://OATutor.io <OATutor>",
        "license": "https://creativecommons.org/licenses/by/4.0/ <CC BY 4.0>",
        "speech": "The solution of this equation is , x is equal to, 300 , which means  300  minutes of calling would make the two plans equal.",
        "math": [
            "$$x=300$$",
            "$$300$$"
        ],
        "pacedSpeech": [
            "The solution of this equation is  , x is equal to, 300 ",
            ", which means   300 ",
            " minutes of calling would make the two plans equal."
        ]
    }
]