[
    {
        "id": "a0351f0theparabola31a-h1",
        "type": "hint",
        "dependencies": [],
        "title": "Finding The Characteristics",
        "text": "We must first put this parabola into standard form by multiplying both sides by $$8$$ to get $$8x=y^2$$. From this, we know that $$p=2$$ and the vertex is $$(0,0)$$. This means that the focus is $$(2,0)$$ and that the directrix is $$x=-2$$",
        "variabilization": {},
        "oer": "https://OATutor.io <OATutor>",
        "license": "https://creativecommons.org/licenses/by/4.0/ <CC BY 4.0>",
        "speech": "We must first put this parabola into standard form by multiplying both sides by  8  to get  8 x, is equal to, y squared . From this, we know that  p, is equal to 2  and the vertex is , parentheses 0 comma 0,  . This means that the focus is , parentheses 2 comma 0,   and that the directrix is  x is equal to negative 2",
        "math": [
            "$$8$$",
            "$$8x=y^2$$",
            "$$p=2$$",
            "$$(0,0)$$",
            "$$(2,0)$$",
            "$$x=-2$$"
        ],
        "pacedSpeech": [
            "We must first put this parabola into standard form by multiplying both sides by   8 ",
            " to get   8 x, is equal to, y squared ",
            ". From this, we know that   p, is equal to 2 ",
            " and the vertex is  ,  0 comma 0,  ",
            ". This means that the focus is  ,  2 comma 0,  ",
            " and that the directrix is   x is equal to negative 2"
        ]
    }
]