[
    {
        "id": "a7b98f9composition16c-h1",
        "type": "hint",
        "dependencies": [],
        "title": "Multiplication",
        "text": "Remember that $$fg$$ is the same as $$(fg)(x)$$. All we have to do is use foil to multiply the two functions.",
        "variabilization": {},
        "oer": "https://OATutor.io <OATutor>",
        "license": "https://creativecommons.org/licenses/by/4.0/ <CC BY 4.0>",
        "speech": "Remember that fg is the same as f g of x. All we have to do is use foil to multiply the two functions.",
        "math": [
            " $$fg$$",
            "$$(fg)(x)$$"
        ],
        "pacedSpeech": [
            "Remember that fg",
            "is the same as f g of x,",
            "All we have to do is use foil to multiply the two functions."
        ]
    },
    {
        "id": "a7b98f9composition16c-h2",
        "type": "scaffold",
        "problemType": "TextBox",
        "answerType": "arithmetic",
        "hintAnswer": [
            "$$-\\left(x^4\\right)-2x^3+6x^2+12x$$"
        ],
        "dependencies": [
            "a7b98f9composition16c-h1"
        ],
        "title": "Multiplication",
        "text": "What is $$\\left(x^2+2x\\right) \\left(6x-x^2\\right)$$?",
        "variabilization": {},
        "oer": "https://OATutor.io <OATutor>",
        "license": "https://creativecommons.org/licenses/by/4.0/ <CC BY 4.0>",
        "speech": "What is  parentheses, x squared plus 2 x  times, parentheses, 6 x minus x squared  ?",
        "math": [
            "$$\\left(x^2+2x\\right) \\left(6x-x^2\\right)$$"
        ],
        "pacedSpeech": [
            "What is   , x squared plus 2 x  times, , 6 x minus x squared"
        ]
    },
    {
        "id": "a7b98f9composition16c-h3",
        "type": "hint",
        "dependencies": [
            "a7b98f9composition16c-h2"
        ],
        "title": "Combining Like Terms",
        "text": "After multiplying the products, there are no like terms to combine, so we will be left with $$-\\left(x^4\\right)-2x^3+6x+12x$$.",
        "variabilization": {},
        "oer": "https://OATutor.io <OATutor>",
        "license": "https://creativecommons.org/licenses/by/4.0/ <CC BY 4.0>",
        "speech": "After multiplying the products, there are no like terms to combine, so we will be left with  minus, parentheses x to the fourth  minus 2 x cubed, plus 6 x plus 12 x .",
        "math": [
            "$$-\\left(x^4\\right)-2x^3+6x+12x$$"
        ],
        "pacedSpeech": [
            "After multiplying the products, there are no like terms to combine, so we will be left with   minus,  x to the fourth  minus 2 x cubed, plus 6 x plus 12 x"
        ]
    }
]