[
    {
        "id": "a7b98f9composition17d-h1",
        "type": "hint",
        "dependencies": [],
        "title": "Division",
        "text": "Remember that $$\\frac{f}{g}$$ is the same as $$\\frac{f}{g}(x)$$. All we have to do is divide the two functions.",
        "variabilization": {},
        "oer": "https://OATutor.io <OATutor>",
        "license": "https://creativecommons.org/licenses/by/4.0/ <CC BY 4.0>",
        "speech": "Remember that , f over g,  is the same as  f over g, of x . All we have to do is divide the two functions.",
        "math": [
            "$$\\frac{f}{g}$$",
            "$$\\frac{f}{g} x$$"
        ],
        "pacedSpeech": [
            "Remember that  , f over g, ",
            " is the same as   f over g, of x ",
            ". All we have to do is divide the two functions."
        ]
    },
    {
        "id": "a7b98f9composition17d-h2",
        "type": "hint",
        "dependencies": [
            "a7b98f9composition17d-h1"
        ],
        "title": "Division",
        "text": "After dividing the terms, there is nothing to simplify so we will be left with $$\\frac{\\left(-3x^2+x\\right)}{5}$$.",
        "variabilization": {},
        "oer": "https://OATutor.io <OATutor>",
        "license": "https://creativecommons.org/licenses/by/4.0/ <CC BY 4.0>",
        "speech": "After dividing the terms, there is nothing to simplify so we will be left with  fraction, parentheses, negative 3 x squared, plus x , over 5,  .",
        "math": [
            "$$\\frac{\\left(-3x^2+x\\right)}{5}$$"
        ],
        "pacedSpeech": [
            "After dividing the terms, there is nothing to simplify so we will be left with   fraction, , negative 3 x squared, plus x , over 5,"
        ]
    }
]