[
    {
        "id": "af227bbMoApp4a-h1",
        "type": "hint",
        "dependencies": [],
        "title": "Component of Total Expense",
        "text": "The total expenses should be the sum of operating expenses, salaries and cost for producing the part.",
        "variabilization": {},
        "oer": "https://OATutor.io <OATutor>",
        "license": "https://creativecommons.org/licenses/by/4.0/ <CC BY 4.0>",
        "speech": "The total expenses should be the sum of operating expenses, salaries and cost for producing the part.",
        "math": [
            ""
        ],
        "pacedSpeech": [
            "The total expenses should be the sum of operating expenses, salaries and cost for producing the part."
        ]
    },
    {
        "id": "af227bbMoApp4a-h2",
        "type": "hint",
        "dependencies": [
            "af227bbMoApp4a-h1"
        ],
        "title": "Identify known quantities",
        "text": "The known quantities are $$2.50$$, $$350$$ and $$3,300$$.",
        "variabilization": {},
        "oer": "https://OATutor.io <OATutor>",
        "license": "https://creativecommons.org/licenses/by/4.0/ <CC BY 4.0>",
        "speech": "The known quantities are , 2.50 ,  350  and 3,300.",
        "math": [
            "$$2.50$$",
            "$$350$$",
            "$$3,300$$"
        ],
        "pacedSpeech": [
            "The known quantities are  , 2.50 ",
            ",   350 ",
            " and 3,300."
        ]
    },
    {
        "id": "af227bbMoApp4a-h3",
        "type": "hint",
        "dependencies": [
            "af227bbMoApp4a-h2"
        ],
        "title": "Determine unknown quantities",
        "text": "The unknown quantity in this problem is the number of this part produced.",
        "variabilization": {},
        "oer": "https://OATutor.io <OATutor>",
        "license": "https://creativecommons.org/licenses/by/4.0/ <CC BY 4.0>",
        "speech": "The unknown quantity in this problem is the number of this part produced.",
        "math": [
            ""
        ],
        "pacedSpeech": [
            "The unknown quantity in this problem is the number of this part produced."
        ]
    },
    {
        "id": "af227bbMoApp4a-h4",
        "type": "hint",
        "dependencies": [
            "af227bbMoApp4a-h3"
        ],
        "title": "Assign a variable",
        "text": "Let $$x$$ be the number of parts produced.",
        "variabilization": {},
        "oer": "https://OATutor.io <OATutor>",
        "license": "https://creativecommons.org/licenses/by/4.0/ <CC BY 4.0>",
        "speech": "Let  x  be the number of parts produced.",
        "math": [
            "$$x$$"
        ],
        "pacedSpeech": [
            "Let   x ",
            " be the number of parts produced."
        ]
    },
    {
        "id": "af227bbMoApp4a-h5",
        "type": "scaffold",
        "problemType": "TextBox",
        "answerType": "arithmetic",
        "hintAnswer": [
            "$$2.5x+350+3300$$"
        ],
        "dependencies": [
            "af227bbMoApp4a-h4"
        ],
        "title": "Translation to Math Operations",
        "text": "What is the mathematical form of the sum of this three components?",
        "variabilization": {},
        "oer": "https://OATutor.io <OATutor>",
        "license": "https://creativecommons.org/licenses/by/4.0/ <CC BY 4.0>",
        "speech": "What is the mathematical form of the sum of this three components?",
        "math": [
            ""
        ],
        "pacedSpeech": [
            "What is the mathematical form of the sum of this three components?"
        ]
    },
    {
        "id": "af227bbMoApp4a-h6",
        "type": "scaffold",
        "problemType": "TextBox",
        "answerType": "arithmetic",
        "hintAnswer": [
            "$$2.5x+3650$$"
        ],
        "dependencies": [
            "af227bbMoApp4a-h5"
        ],
        "title": "Simplify",
        "text": "Simplify the linear equation",
        "variabilization": {},
        "oer": "https://OATutor.io <OATutor>",
        "license": "https://creativecommons.org/licenses/by/4.0/ <CC BY 4.0>",
        "speech": "Simplify the linear equation",
        "math": [
            ""
        ],
        "pacedSpeech": [
            "Simplify the linear equation"
        ]
    }
]