[
    {
        "id": "a0351f0theparabola16a-h1",
        "type": "hint",
        "dependencies": [],
        "title": "Writing in Standard Form",
        "text": "We can write this parabola in standard form by multiplying both sides by $$36$$ to get $$36x=y^2$$",
        "variabilization": {},
        "oer": "https://OATutor.io <OATutor>",
        "license": "https://creativecommons.org/licenses/by/4.0/ <CC BY 4.0>",
        "speech": "We can write this parabola in standard form by multiplying both sides by , 36  to get  36 x, is equal to y squared",
        "math": [
            "$$36$$",
            "$$36x=y^2$$"
        ],
        "pacedSpeech": [
            "We can write this parabola in standard form by multiplying both sides by  , 36 ",
            " to get   36 x, is equal to y squared"
        ]
    },
    {
        "id": "a0351f0theparabola16a-h2",
        "type": "hint",
        "dependencies": [
            "a0351f0theparabola16a-h1"
        ],
        "title": "Finding The Characteristics",
        "text": "From the equation, we know that the vertex is $$(0,0)$$ and that $$p=9$$. This means that the focus is $$(9,0)$$ and the directrix is $$x=-9$$",
        "variabilization": {},
        "oer": "https://OATutor.io <OATutor>",
        "license": "https://creativecommons.org/licenses/by/4.0/ <CC BY 4.0>",
        "speech": "From the equation, we know that the vertex is  times, parentheses 0 comma 0,   and that  p is equal to 9 . This means that the focus is , parentheses 9 comma 0,   and the directrix is  x is equal to negative 9",
        "math": [
            "$$(0,0)$$",
            "$$p=9$$",
            "$$(9,0)$$",
            "$$x=-9$$"
        ],
        "pacedSpeech": [
            "From the equation, we know that the vertex is   times,  0 comma 0,  ",
            " and that   p is equal to 9 ",
            ". This means that the focus is  ,  9 comma 0,  ",
            " and the directrix is   x is equal to negative 9"
        ]
    }
]