[
    {
        "id": "a0351f0theparabola14a-h1",
        "type": "hint",
        "dependencies": [],
        "title": "Writing in Standard Form",
        "text": "To put the parabola in standard form, we can simply multiply both sides by $$8$$ to get $$8x=y^2$$",
        "variabilization": {},
        "oer": "https://OATutor.io <OATutor>",
        "license": "https://creativecommons.org/licenses/by/4.0/ <CC BY 4.0>",
        "speech": "To put the parabola in standard form, we can simply multiply both sides by , 8  to get  8 x, is equal to y squared",
        "math": [
            "$$8$$",
            "$$8x=y^2$$"
        ],
        "pacedSpeech": [
            "To put the parabola in standard form, we can simply multiply both sides by  , 8 ",
            " to get   8 x, is equal to y squared"
        ]
    },
    {
        "id": "a0351f0theparabola14a-h2",
        "type": "hint",
        "dependencies": [
            "a0351f0theparabola14a-h1"
        ],
        "title": "Finding The Characteristics",
        "text": "From the equation, we know that the vertex is $$(0,0)$$ and that $$p=2$$. This means that the focus is $$(2,0)$$ and the directrix is $$x=-2$$",
        "variabilization": {},
        "oer": "https://OATutor.io <OATutor>",
        "license": "https://creativecommons.org/licenses/by/4.0/ <CC BY 4.0>",
        "speech": "From the equation, we know that the vertex is  times, parentheses 0 comma 0,   and that  p is equal to 2 . This means that the focus is , parentheses 2 comma 0,   and the directrix is  x is equal to negative 2",
        "math": [
            "$$(0,0)$$",
            "$$p=2$$",
            "$$(2,0)$$",
            "$$x=-2$$"
        ],
        "pacedSpeech": [
            "From the equation, we know that the vertex is   times,  0 comma 0,  ",
            " and that   p is equal to 2 ",
            ". This means that the focus is  ,  2 comma 0,  ",
            " and the directrix is   x is equal to negative 2"
        ]
    }
]