{
    "id": "af227bbMoApp5b",
    "stepAnswer": [
        "$$46$$ $$23$$"
    ],
    "problemType": "MultipleChoice",
    "stepTitle": "Beth and Ann are joking that their combined ages equal Sam's age.",
    "stepBody": "If Beth is twice Ann's age and Sam is $$69$$ yr old, what are Beth and Ann's ages?",
    "answerType": "string",
    "variabilization": {},
    "answerLatex": "$$46$$ $$23$$",
    "choices": [
        "$$48$$ $$24$$",
        "$$50$$ $$25$$",
        "$$46$$ $$23$$",
        "$$44$$ $$24$$"
    ]
}