{
    "id": "aabf119factor6a",
    "stepAnswer": [
        "$$\\left(x+3\\right) \\left(2x+3\\right)$$"
    ],
    "problemType": "MultipleChoice",
    "stepTitle": "$$2x^2+9x+9$$",
    "stepBody": "",
    "answerType": "string",
    "variabilization": {},
    "answerLatex": "$$\\left(x+3\\right) \\left(2x+3\\right)$$",
    "choices": [
        "$$\\left(x+3\\right) \\left(2x+3\\right)$$",
        "$$\\left(x-3\\right) \\left(2x+3\\right)$$",
        "$$\\left(x+1\\right) \\left(2x+3\\right)$$"
    ]
}