[
    {
        "id": "a0351f0theparabola17a-h1",
        "type": "hint",
        "dependencies": [],
        "title": "Finding The Characteristics",
        "text": "Since this parabola is already in standard form, we know that the vertex is $$(1,1)$$ and that $$p=1$$. This means that the focus is $$(1,2)$$ and the directrix is $$y=0$$",
        "variabilization": {},
        "oer": "https://OATutor.io <OATutor>",
        "license": "https://creativecommons.org/licenses/by/4.0/ <CC BY 4.0>",
        "speech": "Since this parabola is already in standard form, we know that the vertex is  times, parentheses 1 comma 1,   and that  p is equal to 1 . This means that the focus is , parentheses 1 comma 2,   and the directrix is  y is equal to 0",
        "math": [
            "$$(1,1)$$",
            "$$p=1$$",
            "$$(1,2)$$",
            "$$y=0$$"
        ],
        "pacedSpeech": [
            "Since this parabola is already in standard form, we know that the vertex is   times,  1 comma 1,  ",
            " and that   p is equal to 1 ",
            ". This means that the focus is  ,  1 comma 2,  ",
            " and the directrix is   y is equal to 0"
        ]
    }
]