[
    {
        "id": "a5ccaf6logarithmsandlogistic18a-h1",
        "type": "hint",
        "dependencies": [],
        "title": "Carrying Capacity of a Logistic Equation",
        "text": "For a logistic equation $$y=\\frac{c}{1+{ae}^{\\left(-bx\\right)}}$$, the carrying capacity is $$c$$.",
        "variabilization": {},
        "oer": "https://OATutor.io <OATutor>",
        "license": "https://creativecommons.org/licenses/by/4.0/ <CC BY 4.0>",
        "speech": "For a logistic equation  y is equal to fraction, c over, 1 plus a e raised to the parentheses negative b x,  power  , the carrying acity is c.",
        "math": [
            "$$y=\\frac{c}{1+{ae}^{\\left(-bx\\right)}}$$",
            "$$c$$"
        ],
        "pacedSpeech": [
            "For a logistic equation   y is equal to fraction, c over, 1 plus a e raised to the  negative b x,  power  ",
            ", the carrying capacity is c."
        ]
    }
]