{
    "id": "aa97d5brates6",
    "title": "Finding Local Maxima and Minima from a Graph",
    "body": "For the function f whose graph is shown below, find all local maxima and minima.\\n##figure1.gif",
    "variabilization": {},
    "oer": "https://openstax.org/details/books/college-algebra-2e <OpenStax: College Algebra>",
    "license": "https://creativecommons.org/licenses/by/4.0/ <CC BY 4.0>",
    "lesson": "3.3 Rates of Change and Behavior of Graphs",
    "courseName": "OpenStax: College Algebra"
}