[
    {
        "id": "af227bbMoApp5a-h1",
        "type": "hint",
        "dependencies": [],
        "title": "Identify known quantities",
        "text": "The known quantities are $$1$$, $$3$$ and $$113$$.",
        "variabilization": {},
        "oer": "https://OATutor.io <OATutor>",
        "license": "https://creativecommons.org/licenses/by/4.0/ <CC BY 4.0>",
        "speech": "The known quantities are , 1 ,  3  and  113 .",
        "math": [
            "$$1$$",
            "$$3$$",
            "$$113$$"
        ],
        "pacedSpeech": [
            "The known quantities are  , 1 ",
            ",   3 ",
            " and   113"
        ]
    },
    {
        "id": "af227bbMoApp5a-h2",
        "type": "hint",
        "dependencies": [
            "af227bbMoApp5a-h1"
        ],
        "title": "Determine unknown quantities",
        "text": "The number of marbles Don has and Mark has are two unknown quantities that we need to find.",
        "variabilization": {},
        "oer": "https://OATutor.io <OATutor>",
        "license": "https://creativecommons.org/licenses/by/4.0/ <CC BY 4.0>",
        "speech": "The number of marbles Don has and Mark has are two unknown quantities that we need to find.",
        "math": [
            ""
        ],
        "pacedSpeech": [
            "The number of marbles Don has and Mark has are two unknown quantities that we need to find."
        ]
    },
    {
        "id": "af227bbMoApp5a-h3",
        "type": "hint",
        "dependencies": [
            "af227bbMoApp5a-h2"
        ],
        "title": "Assign a variable",
        "text": "Because there are more than $$1$$ unknown quantities, we should choose one of them, for example, the number of marbles Mark has, as $$x$$.",
        "variabilization": {},
        "oer": "https://OATutor.io <OATutor>",
        "license": "https://creativecommons.org/licenses/by/4.0/ <CC BY 4.0>",
        "speech": "Because there are more than  1  unknown quantities, we should choose one of them, for example, the number of marbles Mark has, as  x, .",
        "math": [
            "$$1$$",
            "$$x$$"
        ],
        "pacedSpeech": [
            "Because there are more than   1 ",
            " unknown quantities, we should choose one of them, for example, the number of marbles Mark has, as   x,"
        ]
    },
    {
        "id": "af227bbMoApp5a-h4",
        "type": "hint",
        "dependencies": [
            "af227bbMoApp5a-h3"
        ],
        "title": "Write the other quantity",
        "text": "After choosing $$x$$, we should write the number of marbles Don has in terms of $$x$$.",
        "variabilization": {},
        "oer": "https://OATutor.io <OATutor>",
        "license": "https://creativecommons.org/licenses/by/4.0/ <CC BY 4.0>",
        "speech": "After choosing  x , we should write the number of marbles Don has in terms of  x, .",
        "math": [
            "$$x$$",
            "$$x$$"
        ],
        "pacedSpeech": [
            "After choosing   x ",
            ", we should write the number of marbles Don has in terms of   x,"
        ]
    },
    {
        "id": "af227bbMoApp5a-h5",
        "type": "scaffold",
        "problemType": "TextBox",
        "answerType": "arithmetic",
        "hintAnswer": [
            "$$3x+1$$"
        ],
        "dependencies": [
            "af227bbMoApp5a-h4"
        ],
        "title": "Write the other quantity",
        "text": "When given Don has $$1$$ more than $$3$$ times the number of marbles Mark has, how many does Don have to sell?",
        "variabilization": {},
        "oer": "https://OATutor.io <OATutor>",
        "license": "https://creativecommons.org/licenses/by/4.0/ <CC BY 4.0>",
        "speech": "When given Don has  1  more than  3  times the number of marbles Mark has, how many does Don have to sell?",
        "math": [
            "$$1$$",
            "$$3$$"
        ],
        "pacedSpeech": [
            "When given Don has   1 ",
            " more than   3 ",
            " times the number of marbles Mark has, how many does Don have to sell?"
        ]
    },
    {
        "id": "af227bbMoApp5a-h6",
        "type": "hint",
        "dependencies": [
            "af227bbMoApp5a-h5"
        ],
        "title": "Write an equation",
        "text": "Then write an equation interpreting the words as mathematical operations.",
        "variabilization": {},
        "oer": "https://OATutor.io <OATutor>",
        "license": "https://creativecommons.org/licenses/by/4.0/ <CC BY 4.0>",
        "speech": "Then write an equation interpreting the words as mathematical operations.",
        "math": [
            ""
        ],
        "pacedSpeech": [
            "Then write an equation interpreting the words as mathematical operations."
        ]
    },
    {
        "id": "af227bbMoApp5a-h7",
        "type": "scaffold",
        "problemType": "TextBox",
        "answerType": "arithmetic",
        "hintAnswer": [
            "$$x+3x+1=113$$"
        ],
        "dependencies": [
            "af227bbMoApp5a-h6"
        ],
        "title": "Translation to Math Operations",
        "text": "What is the mathematical form of \"the total number of marbles is 113\"?",
        "variabilization": {},
        "oer": "https://OATutor.io <OATutor>",
        "license": "https://creativecommons.org/licenses/by/4.0/ <CC BY 4.0>",
        "speech": "What is the mathematical form of \"the total number of marbles is 113\"?",
        "math": [
            "$$113$$"
        ],
        "pacedSpeech": [
            "What is the mathematical form of \"the total number of marbles is 113\"?"
        ]
    },
    {
        "id": "af227bbMoApp5a-h8",
        "type": "scaffold",
        "problemType": "TextBox",
        "answerType": "arithmetic",
        "hintAnswer": [
            "$$28$$"
        ],
        "dependencies": [
            "af227bbMoApp5a-h7"
        ],
        "title": "Simplify and Solve",
        "text": "Solve the equation we write. What is $$x$$?",
        "variabilization": {},
        "oer": "https://OATutor.io <OATutor>",
        "license": "https://creativecommons.org/licenses/by/4.0/ <CC BY 4.0>",
        "speech": "Solve the equation we write. What is  x ?",
        "math": [
            "$$x$$"
        ],
        "pacedSpeech": [
            "Solve the equation we write. What is   x"
        ]
    },
    {
        "id": "af227bbMoApp5a-h9",
        "type": "scaffold",
        "problemType": "TextBox",
        "answerType": "arithmetic",
        "hintAnswer": [
            "$$85$$"
        ],
        "dependencies": [
            "af227bbMoApp5a-h8"
        ],
        "title": "Calculate another quantity",
        "text": "What is $$3x+1$$ when $$x=28$$?",
        "variabilization": {},
        "oer": "https://OATutor.io <OATutor>",
        "license": "https://creativecommons.org/licenses/by/4.0/ <CC BY 4.0>",
        "speech": "What is  3 x plus 1  when  x is equal to 28 ?",
        "math": [
            "$$3x+1$$",
            "$$x=28$$"
        ],
        "pacedSpeech": [
            "What is   3 x plus 1 ",
            " when   x is equal to 28"
        ]
    },
    {
        "id": "af227bbMoApp5a-h10",
        "type": "hint",
        "dependencies": [
            "af227bbMoApp5a-h9"
        ],
        "title": "Explain the solution",
        "text": "Don has to sell $$85$$ marbles and Mark has to sell $$28$$ marbles.",
        "variabilization": {},
        "oer": "https://OATutor.io <OATutor>",
        "license": "https://creativecommons.org/licenses/by/4.0/ <CC BY 4.0>",
        "speech": "Don has to sell  85  marbles and Mark has to sell  28,  marbles.",
        "math": [
            "$$85$$",
            "$$28$$"
        ],
        "pacedSpeech": [
            "Don has to sell   85 ",
            " marbles and Mark has to sell   28, ",
            " marbles."
        ]
    }
]