[
    {
        "id": "a7ea646graph11a-h1",
        "type": "hint",
        "dependencies": [],
        "title": "Taking Out the Common Term",
        "text": "We can now factor the expression inside the parenthesis since it is a quadratic. $$t^2-4t+3=(t-3)(t-1)$$. So, our equation is $$C(t)=2t^2 \\left(t-3\\right) \\left(t-1\\right)$$",
        "variabilization": {},
        "oer": "https://OATutor.io <OATutor>",
        "license": "https://creativecommons.org/licenses/by/4.0/ <CC BY 4.0>",
        "speech": "We can now factor the expression inside the parenthesis since it is a quadratic.  t squared minus 4 t plus 3 is equal to parentheses t minus 3,  times, parentheses t minus 1,  . So, our equation is    c of t is equal to 2 t squared, parentheses t minus 3,  times, parentheses t minus 1,",
        "math": [
            "$$t^2-4t+3=(t-3)(t-1)$$",
            "$$C(t)=2t^2 \\left(t-3\\right) \\left(t-1\\right)$$"
        ],
        "pacedSpeech": [
            "We can now factor the expression inside the parenthesis since it is a quadratic.   t squared minus 4 t plus 3 is equal to  t minus 3,  times,  t minus 1,  ",
            ". So, our equation is     c of t is equal to 2 t squared,  t minus 3,  times,  t minus 1,"
        ]
    },
    {
        "id": "a7ea646graph11a-h2",
        "type": "hint",
        "dependencies": [
            "a7ea646graph11a-h1"
        ],
        "title": "Factoring the Interior Quadratic",
        "text": "We can now factor the expression inside the parentheses. $$t^2+3t-10=\\left(t+5\\right) \\left(t-2\\right)$$. We now have $$C(t)=4t^2 \\left(t+5\\right) \\left(t-2\\right)$$",
        "variabilization": {},
        "oer": "https://OATutor.io <OATutor>",
        "license": "https://creativecommons.org/licenses/by/4.0/ <CC BY 4.0>",
        "speech": "We can now factor the expression inside the parentheses.  t squared plus 3 t minus 10 is equal to parentheses t plus 5,  times, parentheses t minus 2,  . We now have    c of t is equal to 4 t squared, parentheses t plus 5,  times, parentheses t minus 2,",
        "math": [
            "$$t^2+3t-10=\\left(t+5\\right) \\left(t-2\\right)$$",
            "$$C(t)=4t^2 \\left(t+5\\right) \\left(t-2\\right)$$"
        ],
        "pacedSpeech": [
            "We can now factor the expression inside the parentheses.   t squared plus 3 t minus 10 is equal to  t plus 5,  times,  t minus 2,  ",
            ". We now have     c of t is equal to 4 t squared,  t plus 5,  times,  t minus 2,"
        ]
    },
    {
        "id": "a7ea646graph11a-h3",
        "type": "hint",
        "dependencies": [
            "a7ea646graph11a-h2"
        ],
        "title": "Solving for the Intercepts",
        "text": "We must now set the whole equation to $$0$$ and solve for $$t$$. $$0=4t^{2\\left(t+5\\right)} \\left(t-2\\right)$$. So, $$t=0$$, $$-5$$, and $$2$$. This means our $$t-intercepts$$ are $$(0,0)$$, $$(-5,0)$$, and $$(2,0)$$",
        "variabilization": {},
        "oer": "https://OATutor.io <OATutor>",
        "license": "https://creativecommons.org/licenses/by/4.0/ <CC BY 4.0>",
        "speech": "We must now set the whole equation to  0  and solve for  t .  0 is equal to 4 t raised to the 2 times, parentheses t plus 5,  power, parentheses t minus 2,  . So,  t is equal to 0 ,  negative 5 , and  2 . This means our  t minus intercepts  are , parentheses 0 comma 0,  , , parentheses, negative 5 comma 0,  , and , parentheses 2 comma 0,",
        "math": [
            "$$0$$",
            "$$t$$",
            "$$0=4t^{2\\left(t+5\\right)} \\left(t-2\\right)$$",
            "$$t=0$$",
            "$$-5$$",
            "$$2$$",
            "$$t-intercepts$$",
            "$$(0,0)$$",
            "$$(-5,0)$$",
            "$$(2,0)$$"
        ],
        "pacedSpeech": [
            "We must now set the whole equation to   0 ",
            " and solve for   t ",
            ".   0 is equal to 4 t raised to the 2 times,  t plus 5,  power,  t minus 2,  ",
            ". So,   t is equal to 0 ",
            ",   negative 5 ",
            ", and   2 ",
            ". This means our   t minus intercepts ",
            " are  ,  0 comma 0,  ",
            ",  , , negative 5 comma 0,  ",
            ", and  ,  2 comma 0,"
        ]
    }
]