[
    {
        "id": "a5ccaf6logarithmsandlogistic11a-h1",
        "type": "hint",
        "dependencies": [],
        "title": "Identifying What Represents the Answer",
        "text": "In this problem, we are trying to find what $$x$$ is when $$P(x)=100$$.",
        "variabilization": {},
        "oer": "https://OATutor.io <OATutor>",
        "license": "https://creativecommons.org/licenses/by/4.0/ <CC BY 4.0>",
        "speech": "In this problem, we are trying to find what , x  is when    p of x is equal to 100 .",
        "math": [
            "$$x$$",
            "$$P(x)=100$$"
        ],
        "pacedSpeech": [
            "In this problem, we are trying to find what  , x ",
            " is when     p of x is equal to 100"
        ]
    },
    {
        "id": "a5ccaf6logarithmsandlogistic11a-h2",
        "type": "hint",
        "dependencies": [
            "a5ccaf6logarithmsandlogistic11a-h1"
        ],
        "title": "Isolating $$x$$",
        "text": "After plugging in $$P(x)=100$$, we get $$100=\\frac{558}{1+54.8e^{-0.462 x}}$$. After isolating $$x$$, we will get the answer.",
        "variabilization": {},
        "oer": "https://OATutor.io <OATutor>",
        "license": "https://creativecommons.org/licenses/by/4.0/ <CC BY 4.0>",
        "speech": "After plugging in    p of x, is equal to, 100 , we get  100, is equal to fraction, 558 over, 1 plus, 54.8, e raised to the negative 0.462 x power  . After isolating  x , we will get the answer.",
        "math": [
            "$$P(x)=100$$",
            "$$100=\\frac{558}{1+54.8e^{-0.462 x}}$$",
            "$$x$$"
        ],
        "pacedSpeech": [
            "After plugging in     p of x, is equal to, 100 ",
            ", we get   100, is equal to fraction, 558 over, 1 plus, 54.8, e raised to the negative 0.462 x power  ",
            ". After isolating   x ",
            ", we will get the answer."
        ]
    }
]