[
    {
        "id": "a7b98f9composition16d-h1",
        "type": "hint",
        "dependencies": [],
        "title": "Division",
        "text": "Remember that $$\\frac{f}{g}$$ is the same as $$\\frac{f}{g}(x)$$. All we have to do divide the two functions.",
        "variabilization": {},
        "oer": "https://OATutor.io <OATutor>",
        "license": "https://creativecommons.org/licenses/by/4.0/ <CC BY 4.0>",
        "speech": "Remember that , f over g,  is the same as  f over g, of x . All we have to do divide the two functions.",
        "math": [
            "$$\\frac{f}{g}$$",
            "$$\\frac{f}{g} x$$"
        ],
        "pacedSpeech": [
            "Remember that  , f over g, ",
            " is the same as   f over g, of x ",
            ". All we have to do divide the two functions."
        ]
    },
    {
        "id": "a7b98f9composition16d-h2",
        "type": "hint",
        "dependencies": [
            "a7b98f9composition16d-h1"
        ],
        "title": "Division",
        "text": "After dividing the two expressions, there is nothing to simplify so we will be left with $$\\frac{x^2+2x}{6-x^2}$$.",
        "variabilization": {},
        "oer": "https://OATutor.io <OATutor>",
        "license": "https://creativecommons.org/licenses/by/4.0/ <CC BY 4.0>",
        "speech": "After dividing the two expressions, there is nothing to simplify so we will be left with  fraction, x squared plus 2 x, over, 6 minus x squared,  .",
        "math": [
            "$$\\frac{x^2+2x}{6-x^2}$$"
        ],
        "pacedSpeech": [
            "After dividing the two expressions, there is nothing to simplify so we will be left with   fraction, x squared plus 2 x, over, 6 minus x squared,"
        ]
    }
]