[
    {
        "id": "ad37b31probability9a-h1",
        "type": "hint",
        "dependencies": [],
        "title": "Sample Space",
        "text": "There are $$8$$ total areas where the arrow can land on.",
        "variabilization": {},
        "oer": "https://OATutor.io <OATutor>",
        "license": "https://creativecommons.org/licenses/by/4.0/ <CC BY 4.0>",
        "speech": "There are  8  total areas where the arrow can land on.",
        "math": [
            "$$8$$"
        ],
        "pacedSpeech": [
            "There are   8 ",
            " total areas where the arrow can land on."
        ]
    },
    {
        "id": "ad37b31probability9a-h2",
        "type": "hint",
        "dependencies": [
            "ad37b31probability9a-h1"
        ],
        "title": "Red Slice",
        "text": "There is only $$1$$ red slice in the circle that the arrow can land on.",
        "variabilization": {},
        "oer": "https://OATutor.io <OATutor>",
        "license": "https://creativecommons.org/licenses/by/4.0/ <CC BY 4.0>",
        "speech": "There is only  1  red slice in the circle that the arrow can land on.",
        "math": [
            "$$1$$"
        ],
        "pacedSpeech": [
            "There is only   1 ",
            " red slice in the circle that the arrow can land on."
        ]
    },
    {
        "id": "ad37b31probability9a-h3",
        "type": "hint",
        "dependencies": [
            "ad37b31probability9a-h2"
        ],
        "title": "Divide",
        "text": "Divide the number of ways the arrow can land on red by the total number of slices the arrow can land on.",
        "variabilization": {},
        "oer": "https://OATutor.io <OATutor>",
        "license": "https://creativecommons.org/licenses/by/4.0/ <CC BY 4.0>",
        "speech": "Divide the number of ways the arrow can land on red by the total number of slices the arrow can land on.",
        "math": [
            ""
        ],
        "pacedSpeech": [
            "Divide the number of ways the arrow can land on red by the total number of slices the arrow can land on."
        ]
    }
]