{
    "id": "a5ccaf6logarithmsandlogistic18",
    "title": "Solving Logistic Equations #12",
    "body": "A population is modeled by the logistic equation $$P(t)=\\frac{175}{1+6.995e^{-0.68 t}}$$.",
    "variabilization": {},
    "oer": "https://openstax.org/details/books/college-algebra-2e <OpenStax: College Algebra>",
    "license": "https://creativecommons.org/licenses/by/4.0/ <CC BY 4.0>",
    "lesson": "6.8 Fitting Exponential Models to Data",
    "courseName": "OpenStax: College Algebra"
}