[
    {
        "id": "af227bbMoApp1a-h1",
        "type": "hint",
        "dependencies": [],
        "title": "Identify known quantities",
        "text": "The known quantities is $$17$$ and $$31$$.",
        "variabilization": {},
        "oer": "https://OATutor.io <OATutor>",
        "license": "https://creativecommons.org/licenses/by/4.0/ <CC BY 4.0>",
        "speech": "The known quantities is  17  and  31 .",
        "math": [
            "$$17$$",
            "$$31$$"
        ],
        "pacedSpeech": [
            "The known quantities is   17 ",
            " and   31"
        ]
    },
    {
        "id": "af227bbMoApp1a-h2",
        "type": "hint",
        "dependencies": [
            "af227bbMoApp1a-h1"
        ],
        "title": "Determine unknown quantities",
        "text": "There are two numbers which remain unknown. They are the target we want to find.",
        "variabilization": {},
        "oer": "https://OATutor.io <OATutor>",
        "license": "https://creativecommons.org/licenses/by/4.0/ <CC BY 4.0>",
        "speech": "There are two numbers which remain unknown. They are the target we want to find.",
        "math": [
            ""
        ],
        "pacedSpeech": [
            "There are two numbers which remain unknown. They are the target we want to find."
        ]
    },
    {
        "id": "af227bbMoApp1a-h3",
        "type": "hint",
        "dependencies": [
            "af227bbMoApp1a-h2"
        ],
        "title": "Assign a variable",
        "text": "Because there is more than one unknown quantity, we should choose one varible to equal $$x$$, for example, the first number.",
        "variabilization": {},
        "oer": "https://OATutor.io <OATutor>",
        "license": "https://creativecommons.org/licenses/by/4.0/ <CC BY 4.0>",
        "speech": "Because there is more than one unknown quantity, we should choose one varible to equal  x , for example, the first number.",
        "math": [
            "$$x$$"
        ],
        "pacedSpeech": [
            "Because there is more than one unknown quantity, we should choose one varible to equal   x ",
            ", for example, the first number."
        ]
    },
    {
        "id": "af227bbMoApp1a-h4",
        "type": "hint",
        "dependencies": [
            "af227bbMoApp1a-h3"
        ],
        "title": "Write the second number",
        "text": "After choosing the first number, we need to write the second one in terms of $$x$$ (which equals to the first number).",
        "variabilization": {},
        "oer": "https://OATutor.io <OATutor>",
        "license": "https://creativecommons.org/licenses/by/4.0/ <CC BY 4.0>",
        "speech": "After choosing the first number, we need to write the second one in terms of  x  (which equals to the first number).",
        "math": [
            "$$x$$"
        ],
        "pacedSpeech": [
            "After choosing the first number, we need to write the second one in terms of   x ",
            " (which equals to the first number)."
        ]
    },
    {
        "id": "af227bbMoApp1a-h5",
        "type": "scaffold",
        "problemType": "TextBox",
        "answerType": "arithmetic",
        "hintAnswer": [
            "$$x-17$$"
        ],
        "dependencies": [
            "af227bbMoApp1a-h4"
        ],
        "title": "Write the second number",
        "text": "When given the first number exceeds the second number by $$17$$, how can the second number be expressed?",
        "variabilization": {},
        "oer": "https://OATutor.io <OATutor>",
        "license": "https://creativecommons.org/licenses/by/4.0/ <CC BY 4.0>",
        "speech": "When given the first number exceeds the second number by  17 , how can the second number be expressed?",
        "math": [
            "$$17$$"
        ],
        "pacedSpeech": [
            "When given the first number exceeds the second number by   17 ",
            ", how can the second number be expressed?"
        ]
    },
    {
        "id": "af227bbMoApp1a-h6",
        "type": "hint",
        "dependencies": [
            "af227bbMoApp1a-h5"
        ],
        "title": "Write an equation",
        "text": "Then write an equation interpreting the words as mathematical operations.",
        "variabilization": {},
        "oer": "https://OATutor.io <OATutor>",
        "license": "https://creativecommons.org/licenses/by/4.0/ <CC BY 4.0>",
        "speech": "Then write an equation interpreting the words as mathematical operations.",
        "math": [
            ""
        ],
        "pacedSpeech": [
            "Then write an equation interpreting the words as mathematical operations."
        ]
    },
    {
        "id": "af227bbMoApp1a-h7",
        "type": "scaffold",
        "problemType": "TextBox",
        "answerType": "arithmetic",
        "hintAnswer": [
            "$$x+x-17=31$$"
        ],
        "dependencies": [
            "af227bbMoApp1a-h6"
        ],
        "title": "Translation to Math Operations",
        "text": "What is the mathematical form of \"their sum is 31\"?",
        "variabilization": {},
        "oer": "https://OATutor.io <OATutor>",
        "license": "https://creativecommons.org/licenses/by/4.0/ <CC BY 4.0>",
        "speech": "What is the mathematical form of \"their sum is 31\"?",
        "math": [
            ""
        ],
        "pacedSpeech": [
            "What is the mathematical form of \"their sum is 31\"?"
        ]
    },
    {
        "id": "af227bbMoApp1a-h8",
        "type": "scaffold",
        "problemType": "TextBox",
        "answerType": "arithmetic",
        "hintAnswer": [
            "$$24$$"
        ],
        "dependencies": [
            "af227bbMoApp1a-h7"
        ],
        "title": "Simplify and Solve",
        "text": "Solve the equation we write. What is $$x$$?",
        "variabilization": {},
        "oer": "https://OATutor.io <OATutor>",
        "license": "https://creativecommons.org/licenses/by/4.0/ <CC BY 4.0>",
        "speech": "Solve the equation we write. What is  x ?",
        "math": [
            "$$x$$"
        ],
        "pacedSpeech": [
            "Solve the equation we write. What is   x"
        ]
    },
    {
        "id": "af227bbMoApp1a-h9",
        "type": "scaffold",
        "problemType": "TextBox",
        "answerType": "arithmetic",
        "hintAnswer": [
            "$$7$$"
        ],
        "dependencies": [
            "af227bbMoApp1a-h8"
        ],
        "title": "Calculate the other number",
        "text": "What is $$x-17$$?",
        "variabilization": {},
        "oer": "https://OATutor.io <OATutor>",
        "license": "https://creativecommons.org/licenses/by/4.0/ <CC BY 4.0>",
        "speech": "What is  x minus 17, ?",
        "math": [
            "$$x-17$$"
        ],
        "pacedSpeech": [
            "What is   x minus 17,"
        ]
    },
    {
        "id": "af227bbMoApp1a-h10",
        "type": "hint",
        "dependencies": [
            "af227bbMoApp1a-h9"
        ],
        "title": "Explain the solution",
        "text": "Since $$x$$ equals to the first number, $$x-17$$ equals to the second number, the first number is $$24$$ and the second number is $$7$$.",
        "variabilization": {},
        "oer": "https://OATutor.io <OATutor>",
        "license": "https://creativecommons.org/licenses/by/4.0/ <CC BY 4.0>",
        "speech": "Since  x  equals to the first number,  x, minus, 17  equals to the second number, the first number is  24  and the second number is  7 .",
        "math": [
            "$$x$$",
            "$$x-17$$",
            "$$24$$",
            "$$7$$"
        ],
        "pacedSpeech": [
            "Since   x ",
            " equals to the first number,   x, minus, 17 ",
            " equals to the second number, the first number is   24 ",
            " and the second number is   7"
        ]
    }
]