{
    "id": "af227bbMoApp2a",
    "stepAnswer": [
        "$$25$$ $$11$$"
    ],
    "problemType": "MultipleChoice",
    "stepTitle": "Find a linear equation to solve for the following unknown quantities",
    "stepBody": "One number is three more than twice another number. If the sum of the two number is $$36$$, find the numbers.",
    "answerType": "string",
    "variabilization": {},
    "answerLatex": "$$25$$ $$11$$",
    "choices": [
        "$$19$$ $$8$$",
        "$$21$$ $$9$$",
        "$$23$$ $$10$$",
        "$$25$$ $$11$$"
    ]
}