{
    "id": "a7b98f9comp1a",
    "stepAnswer": [
        "$$x \\left(x-1\\right)$$"
    ],
    "problemType": "MultipleChoice",
    "stepTitle": "Find and simplify the function $$(g-f)(x)$$, given $$f(x)=x-1$$ and $$g(x)=x^2-1$$.",
    "stepBody": "",
    "answerType": "string",
    "variabilization": {},
    "answerLatex": "$$x \\left(x-1\\right)$$",
    "choices": [
        "$$x \\left(x-1\\right)$$",
        "$$x^2 \\left(x-1\\right)$$",
        "$$x \\left(x-2\\right)$$"
    ]
}