{
    "id": "aabf119factor5a",
    "stepAnswer": [
        "$$\\left(x+2\\right) \\left(5x-3\\right)$$"
    ],
    "problemType": "MultipleChoice",
    "stepTitle": "Factor $$5x^2+7x-6$$ by grouping.",
    "stepBody": "",
    "answerType": "string",
    "variabilization": {},
    "answerLatex": "$$\\left(x+2\\right) \\left(5x-3\\right)$$",
    "choices": [
        "$$\\left(x+2\\right) \\left(x-3\\right)$$",
        "$$\\left(5x+6\\right) \\left(x-1\\right)$$",
        "$$\\left(x+2\\right) \\left(5x-3\\right)$$",
        "$$\\left(x+3\\right) \\left(5x-2\\right)$$"
    ]
}