[
    {
        "id": "a7ea646graph1a-h1",
        "type": "hint",
        "dependencies": [],
        "title": "How to Factor",
        "text": "First, factor out the greatest common factor.",
        "variabilization": {},
        "oer": "https://OATutor.io <OATutor>",
        "license": "https://creativecommons.org/licenses/by/4.0/ <CC BY 4.0>",
        "speech": "First, factor out the greatest common factor.",
        "math": [
            ""
        ],
        "pacedSpeech": [
            "First, factor out the greatest common factor."
        ]
    },
    {
        "id": "a7ea646graph1a-h2",
        "type": "scaffold",
        "problemType": "TextBox",
        "answerType": "arithmetic",
        "hintAnswer": [
            "$$x^2$$"
        ],
        "dependencies": [
            "a7ea646graph1a-h1"
        ],
        "title": "Identifying the GCF",
        "text": "What is the greatest common factor?",
        "variabilization": {},
        "oer": "https://OATutor.io <OATutor>",
        "license": "https://creativecommons.org/licenses/by/4.0/ <CC BY 4.0>",
        "speech": "What is the greatest common factor?",
        "math": [
            ""
        ],
        "pacedSpeech": [
            "What is the greatest common factor?"
        ]
    },
    {
        "id": "a7ea646graph1a-h3",
        "type": "hint",
        "dependencies": [
            "a7ea646graph1a-h2"
        ],
        "title": "Continued Factoring",
        "text": "Next, factor the remaining trinomial.",
        "variabilization": {},
        "oer": "https://OATutor.io <OATutor>",
        "license": "https://creativecommons.org/licenses/by/4.0/ <CC BY 4.0>",
        "speech": "Next, factor the remaining trinomial.",
        "math": [
            ""
        ],
        "pacedSpeech": [
            "Next, factor the remaining trinomial."
        ]
    },
    {
        "id": "a7ea646graph1a-h4",
        "type": "hint",
        "dependencies": [
            "a7ea646graph1a-h3"
        ],
        "title": "Solving for Zeros",
        "text": "Finally, set each factor equal to $$0$$ and find $$x$$ at those values.",
        "variabilization": {},
        "oer": "https://OATutor.io <OATutor>",
        "license": "https://creativecommons.org/licenses/by/4.0/ <CC BY 4.0>",
        "speech": "Finally, set each factor equal to  0  and find  x,  at those values.",
        "math": [
            "$$0$$",
            "$$x$$"
        ],
        "pacedSpeech": [
            "Finally, set each factor equal to   0 ",
            " and find   x, ",
            " at those values."
        ]
    }
]