[
    {
        "id": "ab8b840systemeq5a-h1",
        "type": "hint",
        "dependencies": [],
        "title": "Using substitution",
        "text": "The first step is to write one of the equations in terms of one of the variables.",
        "variabilization": {},
        "oer": "https://OATutor.io <OATutor>",
        "license": "https://creativecommons.org/licenses/by/4.0/ <CC BY 4.0>",
        "speech": "The first step is to write one of the equations in terms of one of the variables.",
        "math": [
            ""
        ],
        "pacedSpeech": [
            "The first step is to write one of the equations in terms of one of the variables."
        ]
    },
    {
        "id": "ab8b840systemeq5a-h2",
        "type": "scaffold",
        "problemType": "TextBox",
        "answerType": "arithmetic",
        "hintAnswer": [
            "$$x=6y-44$$"
        ],
        "dependencies": [
            "ab8b840systemeq5a-h1"
        ],
        "title": "Writing one of the equations in terms of one of the variables",
        "text": "Write the first equation in terms of $$y$$ (solve for x). What is the resulting equation?",
        "variabilization": {},
        "oer": "https://OATutor.io <OATutor>",
        "license": "https://creativecommons.org/licenses/by/4.0/ <CC BY 4.0>",
        "speech": "Write the first equation in terms of  y  (solve for x). What is the resulting equation?",
        "math": [
            "$$y$$"
        ],
        "pacedSpeech": [
            "Write the first equation in terms of   y ",
            " (solve for x). What is the resulting equation?"
        ]
    },
    {
        "id": "ab8b840systemeq5a-h3",
        "type": "hint",
        "dependencies": [
            "ab8b840systemeq5a-h2"
        ],
        "title": "Solving the system",
        "text": "The next step is to plug in the rewritten equation into the other equation and solve for the remaining variable.",
        "variabilization": {},
        "oer": "https://OATutor.io <OATutor>",
        "license": "https://creativecommons.org/licenses/by/4.0/ <CC BY 4.0>",
        "speech": "The next step is to plug in the rewritten equation into the other equation and solve for the remaining variable.",
        "math": [
            ""
        ],
        "pacedSpeech": [
            "The next step is to plug in the rewritten equation into the other equation and solve for the remaining variable."
        ]
    },
    {
        "id": "ab8b840systemeq5a-h4",
        "type": "scaffold",
        "problemType": "TextBox",
        "answerType": "arithmetic",
        "hintAnswer": [
            "$$-\\left(\\frac{1}{8}\\right) \\left(6y-44\\right)+\\frac{1}{3} y=3$$"
        ],
        "dependencies": [
            "ab8b840systemeq5a-h3"
        ],
        "title": "Solving for $$y$$",
        "text": "What is the resulting equation after you plug the first one in? Do not simplify.",
        "variabilization": {},
        "oer": "https://OATutor.io <OATutor>",
        "license": "https://creativecommons.org/licenses/by/4.0/ <CC BY 4.0>",
        "speech": "What is the resulting equation after you plug the first one in? Do not simplify.",
        "math": [
            ""
        ],
        "pacedSpeech": [
            "What is the resulting equation after you plug the first one in? Do not simplify."
        ]
    },
    {
        "id": "ab8b840systemeq5a-h5",
        "type": "hint",
        "dependencies": [
            "ab8b840systemeq5a-h4"
        ],
        "title": "Solving for $$x$$",
        "text": "The last step is to plug in the value you got for $$y$$ into one of the equations to solve for $$x$$.",
        "variabilization": {},
        "oer": "https://OATutor.io <OATutor>",
        "license": "https://creativecommons.org/licenses/by/4.0/ <CC BY 4.0>",
        "speech": "The last step is to plug in the value you got for  y  into one of the equations to solve for  x .",
        "math": [
            "$$y$$",
            "$$x$$"
        ],
        "pacedSpeech": [
            "The last step is to plug in the value you got for   y ",
            " into one of the equations to solve for   x"
        ]
    }
]