[
    {
        "id": "af227bbMoApp5b-h1",
        "type": "hint",
        "dependencies": [],
        "title": "Identify known quantities",
        "text": "The known quantities are $$2$$ and $$69$$.",
        "variabilization": {},
        "oer": "https://OATutor.io <OATutor>",
        "license": "https://creativecommons.org/licenses/by/4.0/ <CC BY 4.0>",
        "speech": "The known quantities are  2  and  69 .",
        "math": [
            "$$2$$",
            "$$69$$"
        ],
        "pacedSpeech": [
            "The known quantities are   2 ",
            " and   69"
        ]
    },
    {
        "id": "af227bbMoApp5b-h2",
        "type": "hint",
        "dependencies": [
            "af227bbMoApp5b-h1"
        ],
        "title": "Determine unknown quantities",
        "text": "Beth and Ann's ages are two unknown quantities.",
        "variabilization": {},
        "oer": "https://OATutor.io <OATutor>",
        "license": "https://creativecommons.org/licenses/by/4.0/ <CC BY 4.0>",
        "speech": "Beth and Ann's ages are two unknown quantities.",
        "math": [
            ""
        ],
        "pacedSpeech": [
            "Beth and Ann's ages are two unknown quantities."
        ]
    },
    {
        "id": "af227bbMoApp5b-h3",
        "type": "hint",
        "dependencies": [
            "af227bbMoApp5b-h2"
        ],
        "title": "Assign a variable",
        "text": "Because there are more than $$1$$ unknown quantities, we should choose one of them, for example, Ann's age, as $$x$$.",
        "variabilization": {},
        "oer": "https://OATutor.io <OATutor>",
        "license": "https://creativecommons.org/licenses/by/4.0/ <CC BY 4.0>",
        "speech": "Because there are more than  1  unknown quantities, we should choose one of them, for example, Ann's age, as  x, .",
        "math": [
            "$$1$$",
            "$$x$$"
        ],
        "pacedSpeech": [
            "Because there are more than   1 ",
            " unknown quantities, we should choose one of them, for example, Ann's age, as   x,"
        ]
    },
    {
        "id": "af227bbMoApp5b-h4",
        "type": "hint",
        "dependencies": [
            "af227bbMoApp5b-h3"
        ],
        "title": "Write the other quantity",
        "text": "After choosing $$x$$, we should write Beth's age in terms of $$x$$.",
        "variabilization": {},
        "oer": "https://OATutor.io <OATutor>",
        "license": "https://creativecommons.org/licenses/by/4.0/ <CC BY 4.0>",
        "speech": "After choosing  x , we should write Beth's age in terms of  x .",
        "math": [
            "$$x$$",
            "$$x$$"
        ],
        "pacedSpeech": [
            "After choosing   x ",
            ", we should write Beth's age in terms of   x"
        ]
    },
    {
        "id": "af227bbMoApp5b-h5",
        "type": "scaffold",
        "problemType": "TextBox",
        "answerType": "arithmetic",
        "hintAnswer": [
            "$$2x$$"
        ],
        "dependencies": [
            "af227bbMoApp5b-h4"
        ],
        "title": "Write the other quantity",
        "text": "When given Beth is twice Ann's age, what is Beth's age?",
        "variabilization": {},
        "oer": "https://OATutor.io <OATutor>",
        "license": "https://creativecommons.org/licenses/by/4.0/ <CC BY 4.0>",
        "speech": "When given Beth is twice Ann's age, what is Beth's age?",
        "math": [
            ""
        ],
        "pacedSpeech": [
            "When given Beth is twice Ann's age, what is Beth's age?"
        ]
    },
    {
        "id": "af227bbMoApp5b-h6",
        "type": "hint",
        "dependencies": [
            "af227bbMoApp5b-h5"
        ],
        "title": "Write an equation",
        "text": "Then write an equation interpreting the words as mathematical operations.",
        "variabilization": {},
        "oer": "https://OATutor.io <OATutor>",
        "license": "https://creativecommons.org/licenses/by/4.0/ <CC BY 4.0>",
        "speech": "Then write an equation interpreting the words as mathematical operations.",
        "math": [
            ""
        ],
        "pacedSpeech": [
            "Then write an equation interpreting the words as mathematical operations."
        ]
    },
    {
        "id": "af227bbMoApp5b-h7",
        "type": "scaffold",
        "problemType": "TextBox",
        "answerType": "arithmetic",
        "hintAnswer": [
            "$$x+2x=69$$"
        ],
        "dependencies": [
            "af227bbMoApp5b-h6"
        ],
        "title": "Translation to Math Operations",
        "text": "What is the mathematical form of \"their combined ages equal Sam's age\"?",
        "variabilization": {},
        "oer": "https://OATutor.io <OATutor>",
        "license": "https://creativecommons.org/licenses/by/4.0/ <CC BY 4.0>",
        "speech": "What is the mathematical form of \"their combined ages equal Sam's age\"?",
        "math": [
            ""
        ],
        "pacedSpeech": [
            "What is the mathematical form of \"their combined ages equal Sam's age\"?"
        ]
    },
    {
        "id": "af227bbMoApp5b-h8",
        "type": "scaffold",
        "problemType": "TextBox",
        "answerType": "arithmetic",
        "hintAnswer": [
            "$$23$$"
        ],
        "dependencies": [
            "af227bbMoApp5b-h7"
        ],
        "title": "Simplify and Solve",
        "text": "Solve the equation we write. What is $$x$$?",
        "variabilization": {},
        "oer": "https://OATutor.io <OATutor>",
        "license": "https://creativecommons.org/licenses/by/4.0/ <CC BY 4.0>",
        "speech": "Solve the equation we write. What is  x ?",
        "math": [
            "$$x$$"
        ],
        "pacedSpeech": [
            "Solve the equation we write. What is   x"
        ]
    },
    {
        "id": "af227bbMoApp5b-h9",
        "type": "scaffold",
        "problemType": "TextBox",
        "answerType": "arithmetic",
        "hintAnswer": [
            "$$46$$"
        ],
        "dependencies": [
            "af227bbMoApp5b-h8"
        ],
        "title": "Calculate another quantity",
        "text": "What is $$2x$$ when $$x=23$$?",
        "variabilization": {},
        "oer": "https://OATutor.io <OATutor>",
        "license": "https://creativecommons.org/licenses/by/4.0/ <CC BY 4.0>",
        "speech": "What is , 2 x  when  x, is equal to 23 ?",
        "math": [
            "$$2x$$",
            "$$x=23$$"
        ],
        "pacedSpeech": [
            "What is  , 2 x ",
            " when   x, is equal to 23"
        ]
    },
    {
        "id": "af227bbMoApp5b-h10",
        "type": "hint",
        "dependencies": [
            "af227bbMoApp5b-h9"
        ],
        "title": "Explain the solution",
        "text": "Beth is $$46$$ yr old and Ann is $$23$$ yr old.",
        "variabilization": {},
        "oer": "https://OATutor.io <OATutor>",
        "license": "https://creativecommons.org/licenses/by/4.0/ <CC BY 4.0>",
        "speech": "Beth is  46  yr old and Ann is  23,  yr old.",
        "math": [
            "$$46$$",
            "$$23$$"
        ],
        "pacedSpeech": [
            "Beth is   46 ",
            " yr old and Ann is   23, ",
            " yr old."
        ]
    }
]