[
    {
        "id": "af227bbMoApp6d-h1",
        "type": "hint",
        "dependencies": [],
        "title": "Calculate the cost",
        "text": "As the model of the total cost has been found in step $$1$$ and $$2$$, the total cost can be calculated when making a monthly average of $$200$$ min of calls.",
        "variabilization": {},
        "oer": "https://OATutor.io <OATutor>",
        "license": "https://creativecommons.org/licenses/by/4.0/ <CC BY 4.0>",
        "speech": "As the model of the total cost has been found in step , 1  and  2 , the total cost can be calculated when making a monthly average of  200  min of calls.",
        "math": [
            "$$1$$",
            "$$2$$",
            "$$200$$"
        ],
        "pacedSpeech": [
            "As the model of the total cost has been found in step  , 1 ",
            " and   2 ",
            ", the total cost can be calculated when making a monthly average of   200 ",
            " min of calls."
        ]
    },
    {
        "id": "af227bbMoApp6d-h2",
        "type": "scaffold",
        "problemType": "TextBox",
        "answerType": "arithmetic",
        "hintAnswer": [
            "$$30$$"
        ],
        "dependencies": [
            "af227bbMoApp6d-h1"
        ],
        "title": "Substitute",
        "text": "What is $$0.05\\times200+20$$?",
        "variabilization": {},
        "oer": "https://OATutor.io <OATutor>",
        "license": "https://creativecommons.org/licenses/by/4.0/ <CC BY 4.0>",
        "speech": "What is , 0.05 times 200, plus 20 ?",
        "math": [
            "$$0.05\\times200+20$$"
        ],
        "pacedSpeech": [
            "What is  , 0.05 times 200, plus 20"
        ]
    },
    {
        "id": "af227bbMoApp6d-h3",
        "type": "scaffold",
        "problemType": "TextBox",
        "answerType": "arithmetic",
        "hintAnswer": [
            "$$25$$"
        ],
        "dependencies": [
            "af227bbMoApp6d-h2"
        ],
        "title": "Substitute",
        "text": "What is $$0.1\\times200+5$$?",
        "variabilization": {},
        "oer": "https://OATutor.io <OATutor>",
        "license": "https://creativecommons.org/licenses/by/4.0/ <CC BY 4.0>",
        "speech": "What is , 0.1 times 200, plus 5 ?",
        "math": [
            "$$0.1\\times200+5$$"
        ],
        "pacedSpeech": [
            "What is  , 0.1 times 200, plus 5"
        ]
    },
    {
        "id": "af227bbMoApp6d-h4",
        "type": "hint",
        "dependencies": [
            "af227bbMoApp6d-h3"
        ],
        "title": "Comparison",
        "text": "Next, we should compare the total cost to choose the right plan.",
        "variabilization": {},
        "oer": "https://OATutor.io <OATutor>",
        "license": "https://creativecommons.org/licenses/by/4.0/ <CC BY 4.0>",
        "speech": "Next, we should compare the total cost to choose the right plan.",
        "math": [
            ""
        ],
        "pacedSpeech": [
            "Next, we should compare the total cost to choose the right plan."
        ]
    },
    {
        "id": "af227bbMoApp6d-h5",
        "type": "scaffold",
        "problemType": "MultipleChoice",
        "answerType": "string",
        "hintAnswer": [
            "$$30$$"
        ],
        "dependencies": [
            "af227bbMoApp6d-h4"
        ],
        "title": "Comparison",
        "text": "Which is bigger, $$30$$ or $$25$$?",
        "variabilization": {},
        "oer": "https://OATutor.io <OATutor>",
        "license": "https://creativecommons.org/licenses/by/4.0/ <CC BY 4.0>",
        "choices": [
            "$$30$$",
            "$$25$$"
        ],
        "speech": "Which is bigger,  30  or 25?",
        "math": [
            "$$30$$",
            "$$25$$"
        ],
        "pacedSpeech": [
            "Which is bigger,   30 ",
            " or 25?"
        ]
    },
    {
        "id": "af227bbMoApp6d-h6",
        "type": "hint",
        "dependencies": [
            "af227bbMoApp6d-h5"
        ],
        "title": "Explain the solution",
        "text": "The person will spend $$\\$30$$ if he choose Company A's plan while $$\\$25$$ with Company B's plan, so he should choose Company B.",
        "variabilization": {},
        "oer": "https://OATutor.io <OATutor>",
        "license": "https://creativecommons.org/licenses/by/4.0/ <CC BY 4.0>",
        "speech": "The person will spend $30 if he choose Company A's plan while $25 with Company B's plan, so he should choose Company B.",
        "math": [
            "$$\\$30$$",
            "$$\\$25$$"
        ],
        "pacedSpeech": [
            "The person will spend $30",
            "if he choose Company A's plan while $25 with Company B's plan, so he should choose Company B."
        ]
    }
]