{
    "id": "ab8b840systemeq4a",
    "stepAnswer": [
        "$$x=\\frac{72}{5}$$, $$y=\\frac{132}{5}$$"
    ],
    "problemType": "MultipleChoice",
    "stepTitle": "$$\\frac{1}{2} x+\\frac{1}{3} y=16$$, $$\\frac{1}{6} x+\\frac{1}{4} y=9$$",
    "stepBody": "",
    "answerType": "string",
    "variabilization": {},
    "answerLatex": "$$x=\\frac{72}{5}$$, $$y=\\frac{132}{5}$$",
    "choices": [
        "$$x=72$$, $$y=132$$",
        "$$x=\\frac{72}{5}$$, $$y=\\frac{132}{5}$$",
        "$$x=27$$, $$y=35$$",
        "none of the above"
    ]
}