[
    {
        "id": "a7ea646graph13a-h1",
        "type": "hint",
        "dependencies": [],
        "title": "Taking Out the Common Term",
        "text": "First, we must take out $$x$$ using the distributive property. We now have $$f(x)=x\\left(x^2+x-20\\right)$$",
        "variabilization": {},
        "oer": "https://OATutor.io <OATutor>",
        "license": "https://creativecommons.org/licenses/by/4.0/ <CC BY 4.0>",
        "speech": "First, we must take out  x  using the distributive property. We now have  f of x, is equal to x parentheses, x squared plus x minus 20",
        "math": [
            "$$x$$",
            "$$f(x)=x\\left(x^2+x-20\\right)$$"
        ],
        "pacedSpeech": [
            "First, we must take out   x ",
            " using the distributive property. We now have   f of x, is equal to x , x squared plus x minus 20"
        ]
    },
    {
        "id": "a7ea646graph13a-h2",
        "type": "hint",
        "dependencies": [
            "a7ea646graph13a-h1"
        ],
        "title": "Factoring the Interior Quadratic",
        "text": "We must now factor the interior quadratic. $$x^2+x-20=\\left(x-5\\right) \\left(x+4\\right)$$. We now have $$f(x)=x\\left(x-5\\right) \\left(x+4\\right)$$",
        "variabilization": {},
        "oer": "https://OATutor.io <OATutor>",
        "license": "https://creativecommons.org/licenses/by/4.0/ <CC BY 4.0>",
        "speech": "We must now factor the interior quadratic.  x squared plus x minus 20 is equal to parentheses x minus 5,  times, parentheses x plus 4,  . We now have  f of x is equal to x, parentheses x minus 5,  times, parentheses x plus 4,",
        "math": [
            "$$x^2+x-20=\\left(x-5\\right) \\left(x+4\\right)$$",
            "$$f(x)=x\\left(x-5\\right) \\left(x+4\\right)$$"
        ],
        "pacedSpeech": [
            "We must now factor the interior quadratic.   x squared plus x minus 20 is equal to  x minus 5,  times,  x plus 4,  ",
            ". We now have   f of x is equal to x,  x minus 5,  times,  x plus 4,"
        ]
    },
    {
        "id": "a7ea646graph13a-h3",
        "type": "hint",
        "dependencies": [
            "a7ea646graph13a-h2"
        ],
        "title": "Solving for the Intercepts",
        "text": "We can now set the whole equation to $$0$$ and solve for $$x$$. $$0=x\\left(x-5\\right) \\left(x+4\\right)$$. This means that $$x=0, 5$$, and $$-4$$. Thus, our x-intercepts are: $$(0,0),(5,0),(-4,0)$$",
        "variabilization": {},
        "oer": "https://OATutor.io <OATutor>",
        "license": "https://creativecommons.org/licenses/by/4.0/ <CC BY 4.0>",
        "speech": "We can now set the whole equation to  0  and solve for  x .  0 is equal to x, parentheses x minus 5,  times, parentheses x plus 4,  . This means that  x is equal to 0 comma 5 , and  negative 4 . Thus, our x-intercepts are: , parentheses 0 comma 0,  comma, parentheses 5 comma 0,  comma, parentheses, negative 4 comma 0,",
        "math": [
            "$$0$$",
            "$$x$$",
            "$$0=x\\left(x-5\\right) \\left(x+4\\right)$$",
            "$$x=0, 5$$",
            "$$-4$$",
            "$$(0,0),(5,0),(-4,0)$$"
        ],
        "pacedSpeech": [
            "We can now set the whole equation to   0 ",
            " and solve for   x ",
            ".   0 is equal to x,  x minus 5,  times,  x plus 4,  ",
            ". This means that   x is equal to 0 comma 5 ",
            ", and   negative 4 ",
            ". Thus, our x-intercepts are:  ,  0 comma 0,  comma,  5 comma 0,  comma, , negative 4 comma 0,"
        ]
    }
]