[
    {
        "id": "a7b98f9composition20a-h1",
        "type": "hint",
        "dependencies": [],
        "title": "Addition",
        "text": "Remember that $$f+g$$ is the same as $$\\left(f+g\\right)(x)$$. All we have to do is add the two functions.",
        "variabilization": {},
        "oer": "https://OATutor.io <OATutor>",
        "license": "https://creativecommons.org/licenses/by/4.0/ <CC BY 4.0>",
        "speech": "Remember that  f plus g  is the same as , parentheses f plus g,  of x . All we have to do is add the two functions.",
        "math": [
            "$$f+g$$",
            "$$\\left(f+g\\right) x$$"
        ],
        "pacedSpeech": [
            "Remember that   f plus g ",
            " is the same as  ,  f plus g,  times x ",
            ". All we have to do is add the two functions."
        ]
    },
    {
        "id": "a7b98f9composition20a-h2",
        "type": "hint",
        "dependencies": [
            "a7b98f9composition20a-h1"
        ],
        "title": "Addition",
        "text": "There are no like terms to combine, so the answer is just the sum of the two functions.",
        "variabilization": {},
        "oer": "https://OATutor.io <OATutor>",
        "license": "https://creativecommons.org/licenses/by/4.0/ <CC BY 4.0>",
        "speech": "There are no like terms to combine, so the answer is just the sum of the two functions.",
        "math": [
            ""
        ],
        "pacedSpeech": [
            "There are no like terms to combine, so the answer is just the sum of the two functions."
        ]
    }
]