[
    {
        "id": "a7b98f9composition17b-h1",
        "type": "hint",
        "dependencies": [],
        "title": "Subtraction",
        "text": "Remember that $$f-g$$ is the same as $$(f-g)(x)$$. All we have to do is subtract the two functions.",
        "variabilization": {},
        "oer": "https://OATutor.io <OATutor>",
        "license": "https://creativecommons.org/licenses/by/4.0/ <CC BY 4.0>",
        "speech": "Remember that f minus g is the same as parentheses f minus g,  of x . All we have to do is subtract the two functions.",
        "math": [
            "$$f-g$$",
            "$$(f-g)(x)$$"
        ],
        "pacedSpeech": [
            "Remember that f minus g",
            "is the same as  parentheses f minus g,  of x ",
            ". All we have to do is subtract the two functions."
        ]
    },
    {
        "id": "a7b98f9composition17b-h2",
        "type": "hint",
        "dependencies": [
            "a7b98f9composition17b-h1"
        ],
        "title": "Combining Like Terms",
        "text": "There are no like terms to combine, so the final answer is $$-3x^2+x-5$$.",
        "variabilization": {},
        "oer": "https://OATutor.io <OATutor>",
        "license": "https://creativecommons.org/licenses/by/4.0/ <CC BY 4.0>",
        "speech": "There are no like terms to combine, so the final answer is  minus 3 x squared, plus x minus 5 .",
        "math": [
            "$$-3x^2+x-5$$"
        ],
        "pacedSpeech": [
            "There are no like terms to combine, so the final answer is   minus 3 x squared, plus x minus 5"
        ]
    }
]