[
    {
        "id": "a7b98f9composition20c-h1",
        "type": "hint",
        "dependencies": [],
        "title": "Multiplication",
        "text": "Remember that $$fg$$ is the same as $$(fg)(x)$$. All we have to do is use foil to multiply the two functions.",
        "variabilization": {},
        "oer": "https://OATutor.io <OATutor>",
        "license": "https://creativecommons.org/licenses/by/4.0/ <CC BY 4.0>",
        "speech": "Remember that fg is the same as  f g of x . All we have to do is use foil to multiply the two functions.",
        "math": [
            "$$fg$$",
            "$$(fg)(x)$$"
        ],
        "pacedSpeech": [
            "Remember that fg",
            "is the same as   f g of x ",
            ". All we have to do is use foil to multiply the two functions."
        ]
    },
    {
        "id": "a7b98f9composition20c-h2",
        "type": "hint",
        "dependencies": [
            "a7b98f9composition20c-h1"
        ],
        "title": "Multiplication",
        "text": "There is no way to simplify the product of these functions, so we leave the answer as one function multiplied by the other.",
        "variabilization": {},
        "oer": "https://OATutor.io <OATutor>",
        "license": "https://creativecommons.org/licenses/by/4.0/ <CC BY 4.0>",
        "speech": "There is no way to simplify the product of these functions, so we leave the answer as one function multiplied by the other.",
        "math": [
            ""
        ],
        "pacedSpeech": [
            "There is no way to simplify the product of these functions, so we leave the answer as one function multiplied by the other."
        ]
    }
]