{
    "id": "a7ea646graph1a",
    "stepAnswer": [
        "$$(0,0)$$, $$(1,0)$$, $$(-1,0)$$, $$(\\sqrt{2},0)$$, $$(-\\sqrt{2},0)$$"
    ],
    "problemType": "MultipleChoice",
    "stepTitle": "$$f(x)=x^6-3x^4+2x^2$$",
    "stepBody": "",
    "answerType": "string",
    "variabilization": {},
    "answerLatex": "$$(0,0)$$, $$(1,0)$$, $$(-1,0)$$, $$(\\sqrt{2},0)$$, $$(-\\sqrt{2},0)$$",
    "choices": [
        "$$(0,0)$$, $$(1,0)$$, $$(-1,0)$$, $$(-\\sqrt{2},0)$$",
        "$$(0,0)$$, $$(1,0)$$, $$(-1,0)$$, $$(\\sqrt{2},0)$$, $$(-\\sqrt{2},0)$$",
        "$$(0,0)$$, $$(1,0)$$, $$(-1,0)$$, $$(\\sqrt{2},0)$$, $$(-\\sqrt{2},0)$$, $$(\\sqrt{3},0)$$, $$(-\\sqrt{3},0)$$"
    ]
}