[
    {
        "id": "a0351f0theparabola15a-h1",
        "type": "hint",
        "dependencies": [],
        "title": "Writing in Standard Form",
        "text": "We can divide both sides by $$36$$ to get $$\\frac{x}{36}=y^2$$",
        "variabilization": {},
        "oer": "https://OATutor.io <OATutor>",
        "license": "https://creativecommons.org/licenses/by/4.0/ <CC BY 4.0>",
        "speech": "We can divide both sides by , 36  to get  x over 36 is equal to y squared",
        "math": [
            "$$36$$",
            "$$\\frac{x}{36}=y^2$$"
        ],
        "pacedSpeech": [
            "We can divide both sides by  , 36 ",
            " to get   x over 36 is equal to y squared"
        ]
    },
    {
        "id": "a0351f0theparabola15a-h2",
        "type": "hint",
        "dependencies": [
            "a0351f0theparabola15a-h1"
        ],
        "title": "Finding The Characteristics",
        "text": "From the equation, we know that $$p=\\frac{1}{144}$$. This means that the vertex is $$(0,0)$$, the focus is $$(\\frac{1}{144},0)$$ and the directrix is $$x=\\frac{-1}{144}$$",
        "variabilization": {},
        "oer": "https://OATutor.io <OATutor>",
        "license": "https://creativecommons.org/licenses/by/4.0/ <CC BY 4.0>",
        "speech": "From the equation, we know that  p is equal to 1 over 144, . This means that the vertex is , parentheses 0 comma 0,  , the focus is , parentheses, 1 over 144, comma 0,   and the directrix is  x is equal to, fraction, negative 1, over 144,",
        "math": [
            "$$p=\\frac{1}{144}$$",
            "$$(0,0)$$",
            "$$(\\frac{1}{144},0)$$",
            "$$x=\\frac{-1}{144}$$"
        ],
        "pacedSpeech": [
            "From the equation, we know that   p is equal to 1 over 144, ",
            ". This means that the vertex is  ,  0 comma 0,  ",
            ", the focus is  , , 1 over 144, comma 0,  ",
            " and the directrix is   x is equal to, fraction, negative 1, over 144,"
        ]
    }
]