[
    {
        "id": "a7b98f9composition19d-h1",
        "type": "hint",
        "dependencies": [],
        "title": "Division",
        "text": "Remember that $$\\frac{f}{g}$$ is the same as $$\\frac{f}{g}(x)$$. All we have to do is divide the two functions.",
        "variabilization": {},
        "oer": "https://OATutor.io <OATutor>",
        "license": "https://creativecommons.org/licenses/by/4.0/ <CC BY 4.0>",
        "speech": "Remember that , f over g,  is the same as  f over g, of x . All we have to do is divide the two functions.",
        "math": [
            "$$\\frac{f}{g}$$",
            "$$\\frac{f}{g} x$$"
        ],
        "pacedSpeech": [
            "Remember that  , f over g, ",
            " is the same as   f over g, of x ",
            ". All we have to do is divide the two functions."
        ]
    },
    {
        "id": "a7b98f9composition19d-h2",
        "type": "hint",
        "dependencies": [
            "a7b98f9composition19d-h1"
        ],
        "title": "Division",
        "text": "Since these functions are fractions, we need to keep, change, and switch to divide them. We keep $$\\frac{1}{x-4}$$ the same, change the division to muliplication, and switch $$\\frac{1}{6-x}$$ to $$\\frac{6-x}{1}$$.",
        "variabilization": {},
        "oer": "https://OATutor.io <OATutor>",
        "license": "https://creativecommons.org/licenses/by/4.0/ <CC BY 4.0>",
        "speech": "Since these functions are fractions, we need to keep, change, and switch to divide them. We keep  fraction, 1 over, x minus 4,   the same, change the division to muliplication, and switch , fraction, 1 over, 6 minus x,   to , fraction, 6 minus x, over 1,  .",
        "math": [
            "$$\\frac{1}{x-4}$$",
            "$$\\frac{1}{6-x}$$",
            "$$\\frac{6-x}{1}$$"
        ],
        "pacedSpeech": [
            "Since these functions are fractions, we need to keep, change, and switch to divide them. We keep   fraction, 1 over, x minus 4,  ",
            " the same, change the division to muliplication, and switch  , fraction, 1 over, 6 minus x,  ",
            " to  , fraction, 6 minus x, over 1,"
        ]
    },
    {
        "id": "a7b98f9composition19d-h3",
        "type": "hint",
        "dependencies": [
            "a7b98f9composition19d-h2"
        ],
        "title": "Division",
        "text": "We now multiply the numerators and denominators together. $$1\\left(6-x\\right)=6-x$$, and $$1\\left(x-4\\right)=x-4$$. So, the final answer is $$\\frac{6-x}{x-4}$$.",
        "variabilization": {},
        "oer": "https://OATutor.io <OATutor>",
        "license": "https://creativecommons.org/licenses/by/4.0/ <CC BY 4.0>",
        "speech": "We now multiply the numerators and denominators together.  1 times, parentheses 6 minus x,  is equal to 6 minus x , and , 1 times, parentheses x minus 4,  is equal to x minus 4 . So, the final answer is  fraction, 6 minus x, over, x minus 4,  .",
        "math": [
            "$$1\\left(6-x\\right)=6-x$$",
            "$$1\\left(x-4\\right)=x-4$$",
            "$$\\frac{6-x}{x-4}$$"
        ],
        "pacedSpeech": [
            "We now multiply the numerators and denominators together.   1 times,  6 minus x,  is equal to 6 minus x ",
            ", and  , 1 times,  x minus 4,  is equal to x minus 4 ",
            ". So, the final answer is   fraction, 6 minus x, over, x minus 4,"
        ]
    }
]