[
    {
        "id": "a5ccaf6logarithmsandlogistic9a-h1",
        "type": "hint",
        "dependencies": [],
        "title": "Identifying What Each Term Represents",
        "text": "$$x$$ represents the number of months that have passed, and $$P(x)$$ represents the number of wolves in the habitat at $$x$$ months.",
        "variabilization": {},
        "oer": "https://OATutor.io <OATutor>",
        "license": "https://creativecommons.org/licenses/by/4.0/ <CC BY 4.0>",
        "speech": "x  represents the number of months that have passed, and p of x represents the number of wolves in the habitat at  x,  months.",
        "math": [
            "$$x$$",
            "$$P(x)$$",
            "$$x$$"
        ],
        "pacedSpeech": [
            "x ",
            " represents the number of months that have passed, and p of x",
            "represents the number of wolves in the habitat at   x, ",
            " months."
        ]
    },
    {
        "id": "a5ccaf6logarithmsandlogistic9a-h2",
        "type": "hint",
        "dependencies": [
            "a5ccaf6logarithmsandlogistic9a-h1"
        ],
        "title": "How to Find the Initial Population of Wolves",
        "text": "The initial population of wolves is $$P(x)$$ when $$x=0$$.",
        "variabilization": {},
        "oer": "https://OATutor.io <OATutor>",
        "license": "https://creativecommons.org/licenses/by/4.0/ <CC BY 4.0>",
        "speech": "The initial population of wolves is p of x when  x is equal to 0 .",
        "math": [
            "$$P(x)$$",
            "$$x=0$$"
        ],
        "pacedSpeech": [
            "The initial population of wolves is p of x",
            "when   x is equal to 0"
        ]
    }
]