[
    {
        "id": "ab8b840systems1a-h1",
        "type": "hint",
        "dependencies": [],
        "title": "Substitution",
        "text": "Substitute the ordered pair $$(5,1)$$ into the 1st equation.",
        "variabilization": {},
        "oer": "https://OATutor.io <OATutor>",
        "license": "https://creativecommons.org/licenses/by/4.0/ <CC BY 4.0>",
        "speech": "Substitute the ordered pai, parentheses 5 comma 1,   into the 1st equation.",
        "math": [
            "$$(5,1)$$"
        ],
        "pacedSpeech": [
            "Substitute the ordered pair,  5 comma 1,  ",
            " into the 1st equation."
        ]
    },
    {
        "id": "ab8b840systems1a-h2",
        "type": "scaffold",
        "problemType": "TextBox",
        "answerType": "arithmetic",
        "hintAnswer": [
            "$$8$$"
        ],
        "dependencies": [
            "ab8b840systems1a-h1"
        ],
        "title": "Substitution",
        "text": "What does $$5+3\\left(1\\right)$$ equal?",
        "variabilization": {},
        "oer": "https://OATutor.io <OATutor>",
        "license": "https://creativecommons.org/licenses/by/4.0/ <CC BY 4.0>",
        "speech": "What does , 5 plus 3 times 1,  equal?",
        "math": [
            "$$5+3\\left(1\\right)$$"
        ],
        "pacedSpeech": [
            "What does  , 5 plus 3 times 1, ",
            " equal?"
        ]
    },
    {
        "id": "ab8b840systems1a-h3",
        "type": "scaffold",
        "problemType": "MultipleChoice",
        "answerType": "string",
        "hintAnswer": [
            "TRUE"
        ],
        "dependencies": [
            "ab8b840systems1a-h2"
        ],
        "title": "Substitution",
        "text": "Does $$8=8$$?",
        "variabilization": {},
        "oer": "https://OATutor.io <OATutor>",
        "license": "https://creativecommons.org/licenses/by/4.0/ <CC BY 4.0>",
        "choices": [
            "TRUE",
            "FALSE"
        ],
        "speech": "Does , 8   is equal to,  8?",
        "math": [
            "$$8=8$$"
        ],
        "pacedSpeech": [
            "Does  , 8 , is equal to 8?"
        ]
    },
    {
        "id": "ab8b840systems1a-h4",
        "type": "hint",
        "dependencies": [],
        "title": "Substitution",
        "text": "Substitute the ordered pair $$(5,1)$$ into second equation.",
        "variabilization": {},
        "oer": "https://OATutor.io <OATutor>",
        "license": "https://creativecommons.org/licenses/by/4.0/ <CC BY 4.0>",
        "speech": "Substitute the ordered pair , parentheses 5 comma 1,   into second equation.",
        "math": [
            "$$(5,1)$$"
        ],
        "pacedSpeech": [
            "Substitute the ordered pair  ,  5 comma 1,  ",
            " into second equation."
        ]
    },
    {
        "id": "ab8b840systems1a-h5",
        "type": "scaffold",
        "problemType": "TextBox",
        "answerType": "arithmetic",
        "hintAnswer": [
            "$$1$$"
        ],
        "dependencies": [
            "ab8b840systems1a-h1"
        ],
        "title": "Substitution",
        "text": "What does $$2(5)-9$$ equal?",
        "variabilization": {},
        "oer": "https://OATutor.io <OATutor>",
        "license": "https://creativecommons.org/licenses/by/4.0/ <CC BY 4.0>",
        "speech": "What does , 2 times 5 minus 9,  equal?",
        "math": [
            "$$2(5)-9$$"
        ],
        "pacedSpeech": [
            "What does  , 2 times 5 minus 9, ",
            " equal?"
        ]
    },
    {
        "id": "ab8b840systems1a-h6",
        "type": "scaffold",
        "problemType": "MultipleChoice",
        "answerType": "string",
        "hintAnswer": [
            "TRUE"
        ],
        "dependencies": [
            "ab8b840systems1a-h2"
        ],
        "title": "Substitution",
        "text": "Does $$1 = 1$$?",
        "variabilization": {},
        "oer": "https://OATutor.io <OATutor>",
        "license": "https://creativecommons.org/licenses/by/4.0/ <CC BY 4.0>",
        "choices": [
            "TRUE",
            "FALSE"
        ],
        "speech": "Does , 1   is equal to,  1?",
        "math": [
            "$$1 = 1$$"
        ],
        "pacedSpeech": [
            "Does , 1   is equal to,  1?"
        ]
    }
]