[
    {
        "id": "a5ccaf6logarithmsandlogistic6a-h1",
        "type": "hint",
        "dependencies": [],
        "title": "Identifying What Represents the Answer",
        "text": "In this problem, we are trying to find what $$x$$ is when $$P(x)=20$$.",
        "variabilization": {},
        "oer": "https://OATutor.io <OATutor>",
        "license": "https://creativecommons.org/licenses/by/4.0/ <CC BY 4.0>",
        "speech": "In this problem, we are trying to find what , x  is when    p of x is equal to 20 .",
        "math": [
            "$$x$$",
            "$$P(x)=20$$"
        ],
        "pacedSpeech": [
            "In this problem, we are trying to find what  , x ",
            " is when     p of x is equal to 20"
        ]
    },
    {
        "id": "a5ccaf6logarithmsandlogistic6a-h2",
        "type": "scaffold",
        "problemType": "MultipleChoice",
        "answerType": "string",
        "hintAnswer": [
            "x=-(ln(2.4)/0.28"
        ],
        "dependencies": [
            "a5ccaf6logarithmsandlogistic6a-h1"
        ],
        "title": "Isolating $$x$$",
        "text": "We solve for $$x$$ by isolating it. After plugging in $$P(x)=20$$, we get $$20=\\frac{68}{1+16e^{-0.28 x}}$$. What equation can we rewrite this into?",
        "variabilization": {},
        "oer": "https://OATutor.io <OATutor>",
        "license": "https://creativecommons.org/licenses/by/4.0/ <CC BY 4.0>",
        "choices": [
            "x=-(ln(2.4)/68",
            "x=-(ln(0.28)/2.4",
            "x=-(ln(2.4)/0.28"
        ],
        "speech": "We solve for  x  by isolating it. After plugging in    p of x is equal to 20 , we get  20, is equal to fraction, 68 over, 1 plus, 16, e raised to the negative 0.28 x power  . What equation can we rewrite this into?",
        "math": [
            "$$x$$",
            "$$P(x)=20$$",
            "$$20=\\frac{68}{1+16e^{-0.28 x}}$$"
        ],
        "pacedSpeech": [
            "We solve for   x ",
            " by isolating it. After plugging in     p of x is equal to 20 ",
            ", we get   20, is equal to fraction, 68 over, 1 plus, 16, e raised to the negative 0.28 x power  ",
            ". What equation can we rewrite this into?"
        ]
    }
]