[
    {
        "id": "aa97d5brates6b-h1",
        "type": "hint",
        "dependencies": [],
        "title": "Defining Local Minimum",
        "text": "A function f has a local minimum at $$x=b$$ if there exists an interval $$(a,c)$$ with $$a<b<c$$ such that, for any $$x$$ in the interval $$(a,c)$$, $$f(x) \\geq f(b)$$. In other words, a local minimum is a low point on the graph.",
        "variabilization": {},
        "oer": "https://OATutor.io <OATutor>",
        "license": "https://creativecommons.org/licenses/by/4.0/ <CC BY 4.0>",
        "speech": "A function f has a local minimum at  x is equal to b  if there exists an interval (a,c) with  a, is less than b is less than c  such that, for any  x  in the interval (a,c),  f of x is greater than or equal to, f of b . In other words, a local minimum is a low point on the graph.",
        "math": [
            "$$x=b$$",
            " $$(a,c)$$",
            "$$a<b<c$$",
            "$$x$$",
            " $$(a,c)$$",
            "$$f(x) \\geq f(b)$$"
        ],
        "pacedSpeech": [
            "A function f has a local minimum at   x is equal to b ",
            " if there exists an interval parentheses a comma c",
            "with   a, is less than b is less than c ",
            " such that, for any   x ",
            " in the interval parentheses a comma c",
            "f of x is greater than or equal to, f of b ",
            ". In other words, a local minimum is a low point on the graph."
        ]
    },
    {
        "id": "aa97d5brates6b-h2",
        "type": "scaffold",
        "problemType": "TextBox",
        "answerType": "arithmetic",
        "hintAnswer": [
            "$$-1$$"
        ],
        "dependencies": [
            "aa97d5brates6b-h1"
        ],
        "title": "Local Minimum",
        "text": "At which $$x$$ does the graph attain a local minimum?",
        "variabilization": {},
        "oer": "https://OATutor.io <OATutor>",
        "license": "https://creativecommons.org/licenses/by/4.0/ <CC BY 4.0>",
        "subHints": [
            {
                "id": "aa97d5brates6b-h2-s1",
                "type": "hint",
                "dependencies": [],
                "title": "Local Minimum",
                "text": "The graph attains a local minimum at $$x=-1$$ because it is the lowest point in an open interval around $$x=-1$$.",
                "variabilization": {},
                "oer": "https://OATutor.io <OATutor>",
                "license": "https://creativecommons.org/licenses/by/4.0/ <CC BY 4.0>"
            }
        ],
        "speech": "At which  x  does the graph attain a local minimum?",
        "math": [
            "$$x$$"
        ],
        "pacedSpeech": [
            "At which   x ",
            " does the graph attain a local minimum?"
        ]
    },
    {
        "id": "aa97d5brates6b-h3",
        "type": "scaffold",
        "problemType": "TextBox",
        "answerType": "arithmetic",
        "hintAnswer": [
            "$$-2$$"
        ],
        "dependencies": [
            "aa97d5brates6b-h2"
        ],
        "title": "Local Minimum",
        "text": "What is the corresponding $$y-coordnate$$ at $$x=-1$$?",
        "variabilization": {},
        "oer": "https://OATutor.io <OATutor>",
        "license": "https://creativecommons.org/licenses/by/4.0/ <CC BY 4.0>",
        "speech": "What is the corresponding  y  coordnate  at  x is equal to negative 1 ?",
        "math": [
            "$$y-coordnate$$",
            "$$x=-1$$"
        ],
        "pacedSpeech": [
            "What is the corresponding   y  coordnate ",
            " at   x is equal to negative 1"
        ]
    }
]