[
    {
        "id": "a5ccaf6logarithmsandlogistic8a-h1",
        "type": "hint",
        "dependencies": [],
        "title": "Carring Capacity of the Problem",
        "text": "In this problem, the carrying capacity is $$558$$.",
        "variabilization": {},
        "oer": "https://OATutor.io <OATutor>",
        "license": "https://creativecommons.org/licenses/by/4.0/ <CC BY 4.0>",
        "speech": "In this problem, the carrying acity is  558 .",
        "math": [
            "$$558$$"
        ],
        "pacedSpeech": [
            "In this problem, the carrying capacity is   558"
        ]
    },
    {
        "id": "a5ccaf6logarithmsandlogistic8a-h2",
        "type": "hint",
        "dependencies": [
            "a5ccaf6logarithmsandlogistic8a-h1"
        ],
        "title": "Using the Intersect Feature On a Calculator",
        "text": "Graph $$y=279$$ and $$\\frac{558}{1+54.8e^{-0.462 x}}$$. Then, find the $$x$$ coordinate of their intersection by going to the calculate menu, selecting the intersect option, and identifying the two different $$\\frac{curves}{lines}$$ on the graph.",
        "variabilization": {},
        "oer": "https://OATutor.io <OATutor>",
        "license": "https://creativecommons.org/licenses/by/4.0/ <CC BY 4.0>",
        "speech": "Graph  y is equal to 279  and  fraction, 558 over, 1 plus, 54.8, e raised to the negative 0.462 x power  . Then, find the  x  coordinate of their intersection by going to the calculate menu, selecting the intersect option, and identifying the two different  curves over lines  on the graph.",
        "math": [
            "$$y=279$$",
            "$$\\frac{558}{1+54.8e^{-0.462 x}}$$",
            "$$x$$",
            "$$\\frac{curves}{lines}$$"
        ],
        "pacedSpeech": [
            "Graph   y is equal to 279 ",
            " and   fraction, 558 over, 1 plus, 54.8, e raised to the negative 0.462 x power  ",
            ". Then, find the   x ",
            " coordinate of their intersection by going to the calculate menu, selecting the intersect option, and identifying the two different   curves over lines ",
            " on the graph."
        ]
    }
]