[
    {
        "id": "a0351f0theparabola20a-h1",
        "type": "hint",
        "dependencies": [],
        "title": "Finding The Characteristics",
        "text": "Since this parabola is already in standard form, we know that the vertex is $$(-1,4)$$ and $$p=\\frac{1}{2}$$. This means that the focus is $$(-1, 4.5)$$ and the directrix is $$y=3.5$$",
        "variabilization": {},
        "oer": "https://OATutor.io <OATutor>",
        "license": "https://creativecommons.org/licenses/by/4.0/ <CC BY 4.0>",
        "speech": "Since this parabola is already in standard form, we know that the vertex is  times, parentheses, negative 1 comma 4,   and  p is equal to 1 half . This means that the focus is , parentheses, negative 1 comma 4.5,   and the directrix is  y is equal to 3.5",
        "math": [
            "$$(-1,4)$$",
            "$$p=\\frac{1}{2}$$",
            "$$(-1, 4.5)$$",
            "$$y=3.5$$"
        ],
        "pacedSpeech": [
            "Since this parabola is already in standard form, we know that the vertex is   times, , negative 1 comma 4,  ",
            " and   p is equal to 1 half ",
            ". This means that the focus is  , , negative 1 comma 4.5,  ",
            " and the directrix is   y is equal to 3.5"
        ]
    }
]