[
    {
        "id": "a7b98f9comp1b-h1",
        "type": "hint",
        "dependencies": [],
        "title": "General Form",
        "text": "We should begin by writing the general form, and then substitute the given functions.",
        "variabilization": {},
        "oer": "https://OATutor.io <OATutor>",
        "license": "https://creativecommons.org/licenses/by/4.0/ <CC BY 4.0>",
        "speech": "We should begin by writing the general form, and then substitute the given functions.",
        "math": [
            ""
        ],
        "pacedSpeech": [
            "We should begin by writing the general form, and then substitute the given functions."
        ]
    },
    {
        "id": "a7b98f9comp1b-h2",
        "type": "scaffold",
        "problemType": "MultipleChoice",
        "answerType": "string",
        "hintAnswer": [
            "$$\\frac{g{\\left(x\\right)}}{f{\\left(x\\right)}}$$"
        ],
        "dependencies": [
            "a7b98f9comp1b-h1"
        ],
        "title": "General Form",
        "text": "What is the general form of $$\\frac{g}{f} x$$?",
        "variabilization": {},
        "oer": "https://OATutor.io <OATutor>",
        "license": "https://creativecommons.org/licenses/by/4.0/ <CC BY 4.0>",
        "choices": [
            "$$\\frac{g{\\left(x\\right)}}{f{\\left(x\\right)}}$$",
            "$$g{\\left(x\\right)}+f{\\left(x\\right)}$$",
            "$$g{\\left(x\\right)} f{\\left(x\\right)}$$"
        ],
        "speech": "What is the general form of  g over f, x ?",
        "math": [
            "$$\\frac{g}{f} x$$"
        ],
        "pacedSpeech": [
            "What is the general form of   g over f, x"
        ]
    },
    {
        "id": "a7b98f9comp1b-h3",
        "type": "scaffold",
        "problemType": "MultipleChoice",
        "answerType": "string",
        "hintAnswer": [
            "$$\\frac{x^2-1}{x-1}$$"
        ],
        "dependencies": [
            "a7b98f9comp1b-h2"
        ],
        "title": "Substitution",
        "text": "What do we get after substituting the given functions?",
        "variabilization": {},
        "oer": "https://OATutor.io <OATutor>",
        "license": "https://creativecommons.org/licenses/by/4.0/ <CC BY 4.0>",
        "choices": [
            "$$\\frac{x^2-1}{x-1}$$",
            "$$x^2-1+x-1$$",
            "$$\\left(x^2-1\\right) \\left(x-1\\right)$$"
        ],
        "speech": "What do we get after substituting the given functions?",
        "math": [
            ""
        ],
        "pacedSpeech": [
            "What do we get after substituting the given functions?"
        ]
    },
    {
        "id": "a7b98f9comp1b-h4",
        "type": "scaffold",
        "problemType": "MultipleChoice",
        "answerType": "string",
        "hintAnswer": [
            "$$\\left(x+1\\right) \\left(x-1\\right)$$"
        ],
        "dependencies": [
            "a7b98f9comp1b-h3"
        ],
        "title": "Rearrangement",
        "text": "How can we rewrite $$x^2-1$$?",
        "variabilization": {},
        "oer": "https://OATutor.io <OATutor>",
        "license": "https://creativecommons.org/licenses/by/4.0/ <CC BY 4.0>",
        "choices": [
            "$$\\left(x+1\\right) \\left(x-1\\right)$$",
            "$$x^2$$",
            "$$\\left(x+2\\right) \\left(x-\\frac{1}{2}\\right)$$"
        ],
        "speech": "How can we rewrite  x squared minus 1 ?",
        "math": [
            "$$x^2-1$$"
        ],
        "pacedSpeech": [
            "How can we rewrite   x squared minus 1"
        ]
    },
    {
        "id": "a7b98f9comp1b-h5",
        "type": "scaffold",
        "problemType": "MultipleChoice",
        "answerType": "string",
        "hintAnswer": [
            "$$x+1$$"
        ],
        "dependencies": [
            "a7b98f9comp1b-h4"
        ],
        "title": "Rearrangement",
        "text": "What do we get after rearranging the equation?",
        "variabilization": {},
        "oer": "https://OATutor.io <OATutor>",
        "license": "https://creativecommons.org/licenses/by/4.0/ <CC BY 4.0>",
        "choices": [
            "$$x-1$$",
            "$$x^2+1$$",
            "$$x+1$$"
        ],
        "speech": "What do we get after rearranging the equation?",
        "math": [
            ""
        ],
        "pacedSpeech": [
            "What do we get after rearranging the equation?"
        ]
    }
]