[
    {
        "id": "af227bbMoApp3d-h1",
        "type": "scaffold",
        "problemType": "TextBox",
        "answerType": "arithmetic",
        "hintAnswer": [
            "$$55$$"
        ],
        "dependencies": [],
        "title": "Substitute",
        "text": "What is $$0.05\\times420+34$$?",
        "variabilization": {},
        "oer": "https://OATutor.io <OATutor>",
        "license": "https://creativecommons.org/licenses/by/4.0/ <CC BY 4.0>",
        "speech": "What is , 0.05 times 420, plus 34 ?",
        "math": [
            "$$0.05\\times420+34$$"
        ],
        "pacedSpeech": [
            "What is  , 0.05 times 420, plus 34"
        ]
    },
    {
        "id": "af227bbMoApp3d-h2",
        "type": "scaffold",
        "problemType": "TextBox",
        "answerType": "arithmetic",
        "hintAnswer": [
            "$$56.8$$"
        ],
        "dependencies": [
            "af227bbMoApp3d-h1"
        ],
        "title": "Substitute",
        "text": "What is $$0.04\\times420+40$$?",
        "variabilization": {},
        "oer": "https://OATutor.io <OATutor>",
        "license": "https://creativecommons.org/licenses/by/4.0/ <CC BY 4.0>",
        "speech": "What is , 0.04 times 420, plus 40 ?",
        "math": [
            "$$0.04\\times420+40$$"
        ],
        "pacedSpeech": [
            "What is  , 0.04 times 420, plus 40"
        ]
    },
    {
        "id": "af227bbMoApp3d-h3",
        "type": "hint",
        "dependencies": [
            "af227bbMoApp3d-h2"
        ],
        "title": "Comparison",
        "text": "If the average talk-time is $$420$$ minutes, the plan from company A will cost $$\\$55$$ every month and the plan from company B will cost $$\\$56.8$$ every month, so company A offers the better plan.",
        "variabilization": {},
        "oer": "https://OATutor.io <OATutor>",
        "license": "https://creativecommons.org/licenses/by/4.0/ <CC BY 4.0>",
        "speech": "If the average talk-time is , 420  minutes, the plan from company A will cost $55 every month and the plan from company B will cost  dollars 56.8  every month, so company A offers the better plan.",
        "math": [
            "$$420$$",
            "$$ \\$55 $$",
            "$$ \\$56.8 $$"
        ],
        "pacedSpeech": [
            "If the average talk-time is  , 420 ",
            " minutes, the plan from company A will cost $55",
            "every month and the plan from company B will cost   dollars 56.8 ",
            " every month, so company A offers the better plan."
        ]
    }
]