{
    "id": "af227bbMoApp4",
    "title": "Find a linear equation to model this real-world application",
    "body": "It costs ABC electronics company $$\\$2.50$$ per unit to produce a part used in a popular brand of desktop computers. The company has monthly operating expenses of $350 for utilities and $3,300 for salaries.",
    "variabilization": {},
    "oer": "https://openstax.org/details/books/college-algebra-2e <OpenStax: College Algebra>",
    "license": "https://creativecommons.org/licenses/by/4.0/ <CC BY 4.0>",
    "lesson": "2.3 Models and Applications",
    "courseName": "OpenStax: College Algebra"
}