{
    "id": "a7ea646graph4",
    "title": "Finding the $$x-Intercepts$$ of a Polynomial Function Using a Graph",
    "body": "Using the graph, find the x-intercepts of the following function.",
    "variabilization": {},
    "oer": "https://openstax.org/details/books/college-algebra-2e <OpenStax: College Algebra>",
    "license": "https://creativecommons.org/licenses/by/4.0/ <CC BY 4.0>",
    "lesson": "5.3 Graphs of Polynomial Functions",
    "courseName": "OpenStax: College Algebra"
}