[
    {
        "id": "ab8b840systems7b-h1",
        "type": "hint",
        "dependencies": [],
        "title": "Substitute",
        "text": "First, substitute the given point into the equation. If the equality that results is true, then the point is a solution to the system.",
        "variabilization": {},
        "oer": "https://OATutor.io <OATutor>",
        "license": "https://creativecommons.org/licenses/by/4.0/ <CC BY 4.0>",
        "speech": "First, substitute the given point into the equation. If the equality that results is true, then the point is a solution to the system.",
        "math": [
            ""
        ],
        "pacedSpeech": [
            "First, substitute the given point into the equation. If the equality that results is true, then the point is a solution to the system."
        ]
    },
    {
        "id": "ab8b840systems7b-h2",
        "type": "scaffold",
        "problemType": "MultipleChoice",
        "answerType": "string",
        "hintAnswer": [
            "No"
        ],
        "dependencies": [
            "ab8b840systems7b-h1"
        ],
        "title": "Substitute",
        "text": "When the point is substituted into the equation $$5x-y=4$$, do both sides equal each other?",
        "variabilization": {},
        "oer": "https://OATutor.io <OATutor>",
        "license": "https://creativecommons.org/licenses/by/4.0/ <CC BY 4.0>",
        "choices": [
            "Yes",
            "No"
        ],
        "speech": "When the point is substituted into the equation , 5 x minus y, is equal to 4 , do both sides equal each other?",
        "math": [
            "$$5x-y=4$$"
        ],
        "pacedSpeech": [
            "When the point is substituted into the equation  , 5 x minus y, is equal to 4 ",
            ", do both sides equal each other?"
        ]
    },
    {
        "id": "ab8b840systems7b-h3",
        "type": "hint",
        "dependencies": [
            "ab8b840systems7b-h2"
        ],
        "title": "Interpret",
        "text": "Since the equation is not equal on both sides $$(18=4)$$, the ordered pair is not a solution to the system.",
        "variabilization": {},
        "oer": "https://OATutor.io <OATutor>",
        "license": "https://creativecommons.org/licenses/by/4.0/ <CC BY 4.0>",
        "speech": "Since the equation is not equal on both  sides, parentheses 18 is equal to 4,  , the ordered pair is not a solution to the system.",
        "math": [
            "$$(18=4)$$"
        ],
        "pacedSpeech": [
            "Since the equation is not equal on both   sides,  18 is equal to 4,  ",
            ", the ordered pair is not a solution to the system."
        ]
    }
]