[
    {
        "id": "a7b98f9composition18a-h1",
        "type": "hint",
        "dependencies": [],
        "title": "Addition",
        "text": "Remember that $$f+g$$ is the same as $$\\left(f+g\\right)(x)$$. All we have to do is add the two functions.",
        "variabilization": {},
        "oer": "https://OATutor.io <OATutor>",
        "license": "https://creativecommons.org/licenses/by/4.0/ <CC BY 4.0>",
        "speech": "Remember that f plus g  is the same as , parentheses f plus g,  of x . All we have to do is add the two functions.",
        "math": [
            "$$f+g$$",
            "$$\\left(f+g\\right) x$$"
        ],
        "pacedSpeech": [
            "Remember that  f plus g ",
            " is the same as  ,  f plus g,  of x ",
            ". All we have to do is add the two functions."
        ]
    },
    {
        "id": "a7b98f9composition18a-h2",
        "type": "scaffold",
        "problemType": "TextBox",
        "answerType": "arithmetic",
        "hintAnswer": [
            "$$2x^2+16x$$"
        ],
        "dependencies": [
            "a7b98f9composition18a-h1"
        ],
        "title": "Addition",
        "text": "What is $$2x^2+2x+12x$$?",
        "variabilization": {},
        "oer": "https://OATutor.io <OATutor>",
        "license": "https://creativecommons.org/licenses/by/4.0/ <CC BY 4.0>",
        "subHints": [
            {
                "id": "a7b98f9composition18a-h2-s1",
                "type": "hint",
                "dependencies": [],
                "title": "Combining Like Terms",
                "text": "$$4x+12x=16x$$, but there is no other $$x^2$$ term, so the final answer is $$2x^2+16x$$.",
                "variabilization": {},
                "oer": "https://OATutor.io <OATutor>",
                "license": "https://creativecommons.org/licenses/by/4.0/ <CC BY 4.0>"
            }
        ],
        "speech": "What is  2 x squared, plus 2 x plus 12 x ?",
        "math": [
            "$$2x^2+2x+12x$$"
        ],
        "pacedSpeech": [
            "What is   2 x squared, plus 2 x plus 12 x"
        ]
    }
]