[
    {
        "id": "a7ea646graph12a-h1",
        "type": "hint",
        "dependencies": [],
        "title": "Taking Out the Common Term",
        "text": "First, we must take out $$x^2$$ using the distributive property. We now have $$f(x)=x^2 \\left(x^2-1\\right)$$",
        "variabilization": {},
        "oer": "https://OATutor.io <OATutor>",
        "license": "https://creativecommons.org/licenses/by/4.0/ <CC BY 4.0>",
        "speech": "First, we must take out  x squared  using the distributive property. We now have  f of x is equal to x squared, parentheses, x squared minus 1,",
        "math": [
            "$$x^2$$",
            "$$f(x)=x^2 \\left(x^2-1\\right)$$"
        ],
        "pacedSpeech": [
            "First, we must take out   x squared ",
            " using the distributive property. We now have   f of x is equal to x squared, , x squared minus 1,"
        ]
    },
    {
        "id": "a7ea646graph12a-h2",
        "type": "hint",
        "dependencies": [
            "a7ea646graph12a-h1"
        ],
        "title": "Factoring the Interior Quadratic",
        "text": "We can now factor the expression inside the parantheses. $$x^2-1=\\left(x+1\\right) \\left(x-1\\right)$$. We now have $$f(x)=x^{2\\left(x+1\\right)} \\left(x-1\\right)$$",
        "variabilization": {},
        "oer": "https://OATutor.io <OATutor>",
        "license": "https://creativecommons.org/licenses/by/4.0/ <CC BY 4.0>",
        "speech": "We can now factor the expression inside the parantheses.  x squared minus 1, is equal to parentheses x plus 1,  times, parentheses x minus 1,  . We now have  f of x is equal to x raised to the 2 times, parentheses x plus 1,  power, parentheses x minus 1,",
        "math": [
            "$$x^2-1=\\left(x+1\\right) \\left(x-1\\right)$$",
            "$$f(x)=x^{2\\left(x+1\\right)} \\left(x-1\\right)$$"
        ],
        "pacedSpeech": [
            "We can now factor the expression inside the parantheses.   x squared minus 1, is equal to  x plus 1,  times,  x minus 1,  ",
            ". We now have   f of x is equal to x raised to the 2 times,  x plus 1,  power,  x minus 1,"
        ]
    },
    {
        "id": "a7ea646graph12a-h3",
        "type": "hint",
        "dependencies": [
            "a7ea646graph12a-h2"
        ],
        "title": "Solving for the Intercepts",
        "text": "We must now set the whole equation $$0$$ and solve for $$x$$. $$0=x^{2\\left(x+1\\right)} \\left(x-1\\right)$$. So, $$x=0, 1$$, and $$-1$$. This means our intercepts are $$(0,0),(1,0)$$, and $$(-1,0)$$",
        "variabilization": {},
        "oer": "https://OATutor.io <OATutor>",
        "license": "https://creativecommons.org/licenses/by/4.0/ <CC BY 4.0>",
        "speech": "We must now set the whole equation  0  and solve for  x .  0 is equal to x raised to the 2 times, parentheses x plus 1,  power parentheses x minus 1,  . So,  x is equal to 0 comma 1 , and  negative 1 . This means our intercepts are , parentheses 0 comma 0,  comma parentheses 1 comma 0,  , and , parentheses, negative 1 comma 0,",
        "math": [
            "$$0$$",
            "$$x$$",
            "$$0=x^{2\\left(x+1\\right)} \\left(x-1\\right)$$",
            "$$x=0, 1$$",
            "$$-1$$",
            "$$(0,0),(1,0)$$",
            "$$(-1,0)$$"
        ],
        "pacedSpeech": [
            "We must now set the whole equation   0 ",
            " and solve for   x ",
            ".   0 is equal to x raised to the 2 times,  x plus 1,  power  x minus 1,  ",
            ". So,   x is equal to 0 comma 1 ",
            ", and   negative 1 ",
            ". This means our intercepts are  ,  0 comma 0,  comma  1 comma 0,  ",
            ", and  , , negative 1 comma 0,"
        ]
    }
]