[
    {
        "id": "a7ea646graph4a-h1",
        "type": "hint",
        "dependencies": [],
        "title": "Interpreting the Graph",
        "text": "Looking at the graph of the function, it appears that there are $$x$$ intercepts at $$x=-3$$, $$x=-2$$, and $$x=1$$.",
        "variabilization": {},
        "oer": "https://OATutor.io <OATutor>",
        "license": "https://creativecommons.org/licenses/by/4.0/ <CC BY 4.0>",
        "speech": "Looking at the graph of the function, it appears that there are  x  intercepts at  x, is equal to, negative 3 ,  x, is equal to, negative 2 , and  x, is equal to 1 .",
        "math": [
            "$$x$$",
            "$$x=-3$$",
            "$$x=-2$$",
            "$$x=1$$"
        ],
        "pacedSpeech": [
            "Looking at the graph of the function, it appears that there are   x ",
            " intercepts at   x, is equal to, negative 3 ",
            ",   x, is equal to, negative 2 ",
            ", and   x, is equal to 1"
        ]
    }
]