{
    "id": "aabf119factor6b",
    "stepAnswer": [
        "$$\\left(3x-1\\right) \\left(2x+1\\right)$$"
    ],
    "problemType": "MultipleChoice",
    "stepTitle": "Factor $$6x^2+x-1$$",
    "stepBody": "",
    "answerType": "string",
    "variabilization": {},
    "answerLatex": "$$\\left(3x-1\\right) \\left(2x+1\\right)$$",
    "choices": [
        "$$3x \\left(2x+1\\right)$$",
        "$$\\left(3x-1\\right) \\left(2x+1\\right)$$",
        "$$\\left(3x+1\\right) \\left(2x-1\\right)$$",
        "$$\\left(3x-3\\right) \\left(2x+1\\right)$$"
    ]
}