{
    "id": "af227bbMoApp6",
    "title": "For the following exercises, use this scenario",
    "body": "Two different telephone carries offer the following plans that a person is considering. Company A has a monthly fee of $20 and charges for $.05/min for calls. Company B has a monthly fee of $5 and charges $.10/min for calls.",
    "variabilization": {},
    "oer": "https://openstax.org/details/books/college-algebra-2e <OpenStax: College Algebra>",
    "license": "https://creativecommons.org/licenses/by/4.0/ <CC BY 4.0>",
    "lesson": "2.3 Models and Applications",
    "courseName": "OpenStax: College Algebra"
}