[
    {
        "id": "a833c22linear21a-h1",
        "type": "hint",
        "dependencies": [],
        "title": "Formula",
        "text": "We know that to find if the function is increasing, constant, or decreasing we must find the slope. To do so, we can use our slope formula.",
        "variabilization": {},
        "oer": "https://OATutor.io <OATutor>",
        "license": "https://creativecommons.org/licenses/by/4.0/ <CC BY 4.0>",
        "speech": "We know that to find if the function is increasing, constant, or decreasing we must find the slope. To do so, we can use our slope formula.",
        "math": [
            ""
        ],
        "pacedSpeech": [
            "We know that to find if the function is increasing, constant, or decreasing we must find the slope. To do so, we can use our slope formula."
        ]
    },
    {
        "id": "a833c22linear21a-h2",
        "type": "hint",
        "dependencies": [
            "a833c22linear21a-h1"
        ],
        "title": "Formula",
        "text": "The formula is (change in output)/(change in input).",
        "variabilization": {},
        "oer": "https://OATutor.io <OATutor>",
        "license": "https://creativecommons.org/licenses/by/4.0/ <CC BY 4.0>",
        "speech": "The formula is change in output over change in input.",
        "math": [
            "(change in output)/(change in input)"
        ],
        "pacedSpeech": [
            "The formula is change in output over change in input."
        ]
    },
    {
        "id": "a833c22linear21a-h3",
        "type": "hint",
        "dependencies": [
            "a833c22linear21a-h2"
        ],
        "title": "Plug in Values",
        "text": "$$m=\\frac{1-\\left(-2\\right)}{8-3}$$",
        "variabilization": {},
        "oer": "https://OATutor.io <OATutor>",
        "license": "https://creativecommons.org/licenses/by/4.0/ <CC BY 4.0>",
        "speech": "m is equal to fraction, 1 minus negative 2, over, 8 minus 3,",
        "math": [
            "$$m=\\frac{1-\\left(-2\\right)}{8-3}$$"
        ],
        "pacedSpeech": [
            "m is equal to fraction, 1 minus negative 2, over, 8 minus 3,"
        ]
    },
    {
        "id": "a833c22linear21a-h4",
        "type": "hint",
        "dependencies": [
            "a833c22linear21a-h3"
        ],
        "title": "Solve",
        "text": "When we solve, we get $$\\frac{3}{5}$$ as our slope",
        "variabilization": {},
        "oer": "https://OATutor.io <OATutor>",
        "license": "https://creativecommons.org/licenses/by/4.0/ <CC BY 4.0>",
        "speech": "When we solve, we get  3 fifths  as our slope",
        "math": [
            "$$\\frac{3}{5}$$"
        ],
        "pacedSpeech": [
            "When we solve, we get   3 fifths ",
            " as our slope"
        ]
    },
    {
        "id": "a833c22linear21a-h5",
        "type": "hint",
        "dependencies": [
            "a833c22linear21a-h4"
        ],
        "title": "Checking for if function is increasing, decreasing, or constant.",
        "text": "We see that our slope is $$\\frac{3}{5}$$, a positive number, which means our function is increasing.",
        "variabilization": {},
        "oer": "https://OATutor.io <OATutor>",
        "license": "https://creativecommons.org/licenses/by/4.0/ <CC BY 4.0>",
        "speech": "We see that our slope is  3 fifths , a positive number, which means our function is increasing.",
        "math": [
            "$$\\frac{3}{5}$$"
        ],
        "pacedSpeech": [
            "We see that our slope is   3 fifths ",
            ", a positive number, which means our function is increasing."
        ]
    }
]