[
    {
        "id": "a7b98f9composition20d-h1",
        "type": "hint",
        "dependencies": [],
        "title": "Division",
        "text": "Remember that $$\\frac{f}{g}$$ is the same as $$\\frac{f}{g}(x)$$. All we have to do is divide the two functions.",
        "variabilization": {},
        "oer": "https://OATutor.io <OATutor>",
        "license": "https://creativecommons.org/licenses/by/4.0/ <CC BY 4.0>",
        "speech": "Remember that , f over g,  is the same as  f over g, of x . All we have to do is divide the two functions.",
        "math": [
            "$$\\frac{f}{g}$$",
            "$$\\frac{f}{g}(x)$$"
        ],
        "pacedSpeech": [
            "Remember that  , f over g, ",
            " is the same as   f over g, x ",
            ". All we have to do is divide the two functions."
        ]
    },
    {
        "id": "a7b98f9composition20d-h2",
        "type": "hint",
        "dependencies": [
            "a7b98f9composition20d-h1"
        ],
        "title": "Division",
        "text": "Let's write the quotient of these functions as a fraction: $$\\frac{3x^2}{\\sqrt{x-5}}$$. Because the bottom of the function is a square root, we need to rationalize the function by getting rid of the square root in the denominator.",
        "variabilization": {},
        "oer": "https://OATutor.io <OATutor>",
        "license": "https://creativecommons.org/licenses/by/4.0/ <CC BY 4.0>",
        "speech": "Let's write the quotient of these functions as a fraction: (3x**2)/(sqrt(x-5). Because the bottom of the function is a square root, we need to rationalize the function by getting rid of the square root in the denominator.",
        "math": [
            " $$\\frac{3x^2}{\\sqrt{x-5}}$$"
        ],
        "pacedSpeech": [
            "Let's write the quotient of these functions as a fraction: fraction, 3 x squared, over, the square root of x minus 5",
            "Because the bottom of the function is a square root, we need to rationalize the function by getting rid of the square root in the denominator."
        ]
    },
    {
        "id": "a7b98f9composition20d-h3",
        "type": "hint",
        "dependencies": [
            "a7b98f9composition20d-h2"
        ],
        "title": "Rationalization",
        "text": "To do this, we need to square $$\\sqrt{x-5}$$ so that the denominator doesn't have a square root. So, we have to multiply $$\\frac{3x^2}{\\sqrt{x-5}}$$ by $$\\frac{\\sqrt{x-5}}{\\sqrt{x-5}}$$.",
        "variabilization": {},
        "oer": "https://OATutor.io <OATutor>",
        "license": "https://creativecommons.org/licenses/by/4.0/ <CC BY 4.0>",
        "speech": "To do this, we need to square  the square root of x minus 5 end root  so that the denominator doesn't have a square root. So, we have to multiply fraction, 3 x squared, over, the square root of x minus 5 by  fraction, the square root of x minus 5 end root over, the square root of x minus 5 end root  .",
        "math": [
            "$$\\sqrt{x-5}$$",
            "$$\\frac{3x^2}{\\sqrt{x-5}}$$",
            "$$\\frac{\\sqrt{x-5}}{\\sqrt{x-5}}$$"
        ],
        "pacedSpeech": [
            "To do this, we need to square   the square root of x minus 5 end root ",
            " so that the denominator doesn't have a square root. So, we have to multiply fraction, 3 x squared, over, the square root of x minus 5",
            "by   fraction, the square root of x minus 5 end root over, the square root of x minus 5 end root"
        ]
    },
    {
        "id": "a7b98f9composition20d-h4",
        "type": "hint",
        "dependencies": [
            "a7b98f9composition20d-h3"
        ],
        "title": "Multiplication",
        "text": "Since there is no way to simplify the product of $$3x^2 \\sqrt{x-5}$$, this leaves us with $$\\frac{3x^2\\cdot\\sqrt{x-5}}{x-5}$$",
        "variabilization": {},
        "oer": "https://OATutor.io <OATutor>",
        "license": "https://creativecommons.org/licenses/by/4.0/ <CC BY 4.0>",
        "speech": "Since there is no way to simplify the product of  3 x squared, the square root of x minus 5 end root , this leaves us with fraction, 3; x squared times, the square root of x minus 5 end root; over, x minus 5",
        "math": [
            "$$3x^2 \\sqrt{x-5}$$",
            "$$\\frac{3x^2\\cdot\\sqrt{x-5}}{x-5}$$"
        ],
        "pacedSpeech": [
            "Since there is no way to simplify the product of   3 x squared, the square root of x minus 5 end root ",
            ", this leaves us with fraction, 3; x squared times, the square root of x minus 5 end root; over, x minus 5"
        ]
    }
]