[
    {
        "id": "a7b98f9composition18d-h1",
        "type": "hint",
        "dependencies": [],
        "title": "Division",
        "text": "Remember that $$\\frac{f}{g}$$ is the same as $$\\frac{f}{g}(x)$$. All we have to do is divide the two functions.",
        "variabilization": {},
        "oer": "https://OATutor.io <OATutor>",
        "license": "https://creativecommons.org/licenses/by/4.0/ <CC BY 4.0>",
        "speech": "Remember that , f over g,  is the same as  f over g, of x . All we have to do is divide the two functions.",
        "math": [
            "$$\\frac{f}{g}$$",
            "$$\\frac{f}{g} x$$"
        ],
        "pacedSpeech": [
            "Remember that  , f over g, ",
            " is the same as   f over g, of  x ",
            ". All we have to do is divide the two functions."
        ]
    },
    {
        "id": "a7b98f9composition18d-h2",
        "type": "hint",
        "dependencies": [
            "a7b98f9composition18d-h1"
        ],
        "title": "Division",
        "text": "Let's start by putting the equation in fractional form, $$\\frac{2x^2+4x}{12x}$$,",
        "variabilization": {},
        "oer": "https://OATutor.io <OATutor>",
        "license": "https://creativecommons.org/licenses/by/4.0/ <CC BY 4.0>",
        "speech": "Let's start by putting the equation in fractional form,  fraction, 2 x squared, plus 4 x, over, 12 x,  ,",
        "math": [
            "$$\\frac{2x^2+4x}{12x}$$"
        ],
        "pacedSpeech": [
            "Let's start by putting the equation in fractional form,   fraction, 2 x squared, plus 4 x, over, 12 x,  ",
            ","
        ]
    },
    {
        "id": "a7b98f9composition18d-h3",
        "type": "hint",
        "dependencies": [
            "a7b98f9composition18d-h2"
        ],
        "title": "Division",
        "text": "Now, we can factor out $$2x$$ from the numerator and denominator: $$\\frac{2x\\left(x+2\\right)}{2x\\times6}$$.",
        "variabilization": {},
        "oer": "https://OATutor.io <OATutor>",
        "license": "https://creativecommons.org/licenses/by/4.0/ <CC BY 4.0>",
        "speech": "Now, we can factor out  2 x  from the numerator and denominator:  fraction, 2 x, parentheses x plus 2, , over, 2 x times 6,  .",
        "math": [
            "$$2x$$",
            "$$\\frac{2x\\left(x+2\\right)}{2x\\times6}$$"
        ],
        "pacedSpeech": [
            "Now, we can factor out   2 x ",
            " from the numerator and denominator:   fraction, 2 x,  x plus 2, , over, 2 x times 6,"
        ]
    },
    {
        "id": "a7b98f9composition18d-h4",
        "type": "hint",
        "dependencies": [
            "a7b98f9composition18d-h3"
        ],
        "title": "Division",
        "text": "The $$2x$$ in the numerator and denominatory cancel each other out, so we are left with $$\\frac{x+2}{6}$$.",
        "variabilization": {},
        "oer": "https://OATutor.io <OATutor>",
        "license": "https://creativecommons.org/licenses/by/4.0/ <CC BY 4.0>",
        "speech": "The  2 x  in the numerator and denominatory cancel each other out, so we are left with , fraction, x plus 2, over 6,  .",
        "math": [
            "$$2x$$",
            "$$\\frac{x+2}{6}$$"
        ],
        "pacedSpeech": [
            "The   2 x ",
            " in the numerator and denominatory cancel each other out, so we are left with  , fraction, x plus 2, over 6,"
        ]
    }
]