[
    {
        "id": "ad37b31probability24a-h1",
        "type": "hint",
        "dependencies": [],
        "title": "Proability of Events with Equally Likely Outcomes",
        "text": "The probability of an event E in an experiment with sample space S with equally likely outcomes is given by: $$P(E)=$$ (# of elements in E)/(# of elements in S)",
        "variabilization": {},
        "oer": "https://OATutor.io <OATutor>",
        "license": "https://creativecommons.org/licenses/by/4.0/ <CC BY 4.0>",
        "speech": "The probability of an event E in an experiment with sample space S with equally likely outcomes is given by: P(E)  is equal to  (# of elements in E)/(# of elements in S)",
        "math": [
            "$$E$$",
            "$$S$$",
            "$$P(E)=$$",
            "(# of elements in E)/(# of elements in S)"
        ],
        "pacedSpeech": [
            "The probability of an event E",
            "in an experiment with sample space S",
            "with equally likely outcomes is given by: p of e  is equal to ",
            " number of elements in E over number of elements in S"
        ]
    },
    {
        "id": "ad37b31probability24a-h2",
        "type": "scaffold",
        "problemType": "TextBox",
        "answerType": "arithmetic",
        "hintAnswer": [
            "$$4$$"
        ],
        "dependencies": [
            "ad37b31probability24a-h1"
        ],
        "title": "Number of Event Elements",
        "text": "How many elements result drawing a two?",
        "variabilization": {},
        "oer": "https://OATutor.io <OATutor>",
        "license": "https://creativecommons.org/licenses/by/4.0/ <CC BY 4.0>",
        "speech": "How many elements result drawing a two?",
        "math": [
            ""
        ],
        "pacedSpeech": [
            "How many elements result drawing a two?"
        ]
    },
    {
        "id": "ad37b31probability24a-h3",
        "type": "scaffold",
        "problemType": "TextBox",
        "answerType": "arithmetic",
        "hintAnswer": [
            "$$52$$"
        ],
        "dependencies": [
            "ad37b31probability24a-h2"
        ],
        "title": "Number of Sample Space Elements",
        "text": "How many elements are there in the sample space?",
        "variabilization": {},
        "oer": "https://OATutor.io <OATutor>",
        "license": "https://creativecommons.org/licenses/by/4.0/ <CC BY 4.0>",
        "speech": "How many elements are there in the sample space?",
        "math": [
            ""
        ],
        "pacedSpeech": [
            "How many elements are there in the sample space?"
        ]
    },
    {
        "id": "ad37b31probability24a-h4",
        "type": "scaffold",
        "problemType": "TextBox",
        "answerType": "arithmetic",
        "hintAnswer": [
            "$$\\frac{1}{13}$$"
        ],
        "dependencies": [
            "ad37b31probability24a-h3"
        ],
        "title": "Finding the Probability",
        "text": "What is the probaility of getting two heads?",
        "variabilization": {},
        "oer": "https://OATutor.io <OATutor>",
        "license": "https://creativecommons.org/licenses/by/4.0/ <CC BY 4.0>",
        "speech": "What is the probaility of getting two heads?",
        "math": [
            ""
        ],
        "pacedSpeech": [
            "What is the probaility of getting two heads?"
        ]
    }
]