[
    {
        "id": "a7ea646graph17a-h1",
        "type": "hint",
        "dependencies": [],
        "title": "Pairing Together Terms",
        "text": "We can pair together the first and second terms and the third and fourth terms as shown: $$f(x)=2x^3-x^2+\\left(-8x+4\\right)$$",
        "variabilization": {},
        "oer": "https://OATutor.io <OATutor>",
        "license": "https://creativecommons.org/licenses/by/4.0/ <CC BY 4.0>",
        "speech": "We can pair together the first and second terms and the third and fourth terms as shown:  f of x is equal to 2 x cubed, minus x squared plus, parentheses, negative 8 x, plus 4,",
        "math": [
            "$$f(x)=2x^3-x^2+\\left(-8x+4\\right)$$"
        ],
        "pacedSpeech": [
            "We can pair together the first and second terms and the third and fourth terms as shown:   f of x is equal to 2 x cubed, minus x squared plus, , negative 8 x, plus 4,"
        ]
    },
    {
        "id": "a7ea646graph17a-h2",
        "type": "hint",
        "dependencies": [
            "a7ea646graph17a-h1"
        ],
        "title": "Taking Out the Common Term",
        "text": "We can now take out a common term from each of the groupings as shown. $$f(x)=x^{2\\left(2x-1\\right)}-4\\left(2x-1\\right)$$",
        "variabilization": {},
        "oer": "https://OATutor.io <OATutor>",
        "license": "https://creativecommons.org/licenses/by/4.0/ <CC BY 4.0>",
        "speech": "We can now take out a common term from each of the groupings as shown.  f of x is equal to x raised to the 2 times, parentheses, 2 x minus 1,  power minus 4 times, parentheses, 2 x minus 1,",
        "math": [
            "$$f(x)=x^{2\\left(2x-1\\right)}-4\\left(2x-1\\right)$$"
        ],
        "pacedSpeech": [
            "We can now take out a common term from each of the groupings as shown.   f of x is equal to x raised to the 2 times, , 2 x minus 1,  power minus 4 times, , 2 x minus 1,"
        ]
    },
    {
        "id": "a7ea646graph17a-h3",
        "type": "hint",
        "dependencies": [
            "a7ea646graph17a-h2"
        ],
        "title": "Joining Together Both Terms",
        "text": "Now, we must merge both terms into a single expression. $$f(x)=\\left(x^2-4\\right) \\left(2x-1\\right)$$",
        "variabilization": {},
        "oer": "https://OATutor.io <OATutor>",
        "license": "https://creativecommons.org/licenses/by/4.0/ <CC BY 4.0>",
        "speech": "Now, we must merge both terms into a single expression.  f of x is equal to parentheses, x squared minus 4,  times, parentheses, 2 x minus 1,",
        "math": [
            "$$f(x)=\\left(x^2-4\\right) \\left(2x-1\\right)$$"
        ],
        "pacedSpeech": [
            "Now, we must merge both terms into a single expression.   f of x is equal to , x squared minus 4,  times, , 2 x minus 1,"
        ]
    },
    {
        "id": "a7ea646graph17a-h4",
        "type": "hint",
        "dependencies": [
            "a7ea646graph17a-h3"
        ],
        "title": "Factoring the Quadratic",
        "text": "We can actually factor $$x^2-4$$ into $$\\left(x+2\\right) \\left(x-2\\right)$$. Now, $$f(x)=\\left(x+2\\right) \\left(x-2\\right) \\left(2x-1\\right)$$.",
        "variabilization": {},
        "oer": "https://OATutor.io <OATutor>",
        "license": "https://creativecommons.org/licenses/by/4.0/ <CC BY 4.0>",
        "speech": "We can actually factor  x squared minus 4  into  parentheses x plus 2,  times, parentheses x minus 2,  . Now,  f of x is equal to parentheses x plus 2,  times, parentheses x minus 2,  times, parentheses, 2 x minus 1,  .",
        "math": [
            "$$x^2-4$$",
            "$$\\left(x+2\\right) \\left(x-2\\right)$$",
            "$$f(x)=\\left(x+2\\right) \\left(x-2\\right) \\left(2x-1\\right)$$"
        ],
        "pacedSpeech": [
            "We can actually factor   x squared minus 4 ",
            " into    x plus 2,  times,  x minus 2,  ",
            ". Now,   f of x is equal to  x plus 2,  times,  x minus 2,  times, , 2 x minus 1,"
        ]
    },
    {
        "id": "a7ea646graph17a-h5",
        "type": "hint",
        "dependencies": [
            "a7ea646graph17a-h4"
        ],
        "title": "Solving for the Intercepts",
        "text": "We can set the equation equal to $$0$$. $$0=\\left(x+2\\right) \\left(x-2\\right) \\left(2x-1\\right)$$. This means that $$x=-2$$, $$2$$, and $$\\frac{1}{2}$$. So, our x-intercepts are $$(-2, 0), (2, 0), \\left(\\frac{1}{2}, 0\\right)$$",
        "variabilization": {},
        "oer": "https://OATutor.io <OATutor>",
        "license": "https://creativecommons.org/licenses/by/4.0/ <CC BY 4.0>",
        "speech": "We can set the equation equal to  0 .  0, is equal to parentheses x plus 2,  times, parentheses x minus 2,  times, parentheses, 2 x minus 1,  . This means that  x is equal to, negative 2 ,  2 , and  1 half . So, our x-intercepts are parentheses negative 2 comma 0 comma, parentheses  2 comma 0, comma; parentheses fraction 1 2, comma 0",
        "math": [
            "$$0$$",
            "$$0=\\left(x+2\\right) \\left(x-2\\right) \\left(2x-1\\right)$$",
            "$$x=-2$$",
            "$$2$$",
            "$$\\frac{1}{2}$$",
            "$$(-2, 0), (2, 0), \\left(\\frac{1}{2}, 0\\right)$$"
        ],
        "pacedSpeech": [
            "We can set the equation equal to   0 ",
            ".   0, is equal to  x plus 2,  times,  x minus 2,  times, , 2 x minus 1,  ",
            ". This means that   x is equal to, negative 2 ",
            ",   2 ",
            ", and   1 half ",
            ". So, our x-intercepts are parentheses negative 2 comma 0 comma, parentheses  2 comma 0, comma; parentheses fraction 1 2, comma 0"
        ]
    }
]