[
    {
        "id": "ab8b840systems3a-h1",
        "type": "hint",
        "dependencies": [],
        "title": "Isolating Variables",
        "text": "Solve the first equation for $$y$$.",
        "variabilization": {},
        "oer": "https://OATutor.io <OATutor>",
        "license": "https://creativecommons.org/licenses/by/4.0/ <CC BY 4.0>",
        "speech": "Solve the first equation for  y .",
        "math": [
            "$$y$$"
        ],
        "pacedSpeech": [
            "Solve the first equation for   y"
        ]
    },
    {
        "id": "ab8b840systems3a-h2",
        "type": "scaffold",
        "problemType": "TextBox",
        "answerType": "arithmetic",
        "hintAnswer": [
            "$$x-5$$"
        ],
        "dependencies": [
            "ab8b840systems3a-h1"
        ],
        "title": "Isolating Variables",
        "text": "What does $$y$$ equal? Write $$y$$ in terms of $$x$$.",
        "variabilization": {},
        "oer": "https://OATutor.io <OATutor>",
        "license": "https://creativecommons.org/licenses/by/4.0/ <CC BY 4.0>",
        "speech": "What does , y  equal? Write  y  in terms of  x, .",
        "math": [
            "$$y$$",
            "$$y$$",
            "$$x$$"
        ],
        "pacedSpeech": [
            "What does  , y ",
            " equal? Write   y ",
            " in terms of   x,"
        ]
    },
    {
        "id": "ab8b840systems3a-h3",
        "type": "hint",
        "dependencies": [
            "ab8b840systems3a-h2"
        ],
        "title": "Substitution",
        "text": "Substitute the expression $$x-5$$ for $$y$$ in the second equation.",
        "variabilization": {},
        "oer": "https://OATutor.io <OATutor>",
        "license": "https://creativecommons.org/licenses/by/4.0/ <CC BY 4.0>",
        "speech": "Substitute the expression , x minus 5  for  y  in the second equation.",
        "math": [
            "$$x-5$$",
            "$$y$$"
        ],
        "pacedSpeech": [
            "Substitute the expression  , x minus 5 ",
            " for   y ",
            " in the second equation."
        ]
    },
    {
        "id": "ab8b840systems3a-h4",
        "type": "scaffold",
        "problemType": "TextBox",
        "answerType": "arithmetic",
        "hintAnswer": [
            "$$8$$"
        ],
        "dependencies": [
            "ab8b840systems3a-h3"
        ],
        "title": "Isolating Variables",
        "text": "What does $$x$$ equal in $$2x-5(x-5)=1$$?",
        "variabilization": {},
        "oer": "https://OATutor.io <OATutor>",
        "license": "https://creativecommons.org/licenses/by/4.0/ <CC BY 4.0>",
        "speech": "What does  x  equal in  2 x, minus, 5 times, parentheses x minus 5,  is equal to 1 ?",
        "math": [
            "$$x$$",
            "$$2x-5(x-5)=1$$"
        ],
        "pacedSpeech": [
            "What does   x ",
            " equal in   2 x, minus, 5 times,  x minus 5,  is equal to 1"
        ]
    },
    {
        "id": "ab8b840systems3a-h5",
        "type": "hint",
        "dependencies": [
            "ab8b840systems3a-h4"
        ],
        "title": "Substitution",
        "text": "Substitute $$x=8$$ into the first equation and solve for $$y$$.",
        "variabilization": {},
        "oer": "https://OATutor.io <OATutor>",
        "license": "https://creativecommons.org/licenses/by/4.0/ <CC BY 4.0>",
        "speech": "Substitute , x is equal to 8  into the first equation and solve for  y .",
        "math": [
            "$$x=8$$",
            "$$y$$"
        ],
        "pacedSpeech": [
            "Substitute  , x is equal to 8 ",
            " into the first equation and solve for   y"
        ]
    },
    {
        "id": "ab8b840systems3a-h6",
        "type": "scaffold",
        "problemType": "TextBox",
        "answerType": "arithmetic",
        "hintAnswer": [
            "$$3$$"
        ],
        "dependencies": [
            "ab8b840systems3a-h5"
        ],
        "title": "Substitution",
        "text": "What does $$y$$ equal in $$-8+y=-5$$?",
        "variabilization": {},
        "oer": "https://OATutor.io <OATutor>",
        "license": "https://creativecommons.org/licenses/by/4.0/ <CC BY 4.0>",
        "speech": "What does  y  equal in  negative 8, plus y is equal to negative 5 ?",
        "math": [
            "$$y$$",
            "$$-8+y=-5$$"
        ],
        "pacedSpeech": [
            "What does   y ",
            " equal in   negative 8, plus y is equal to negative 5"
        ]
    },
    {
        "id": "ab8b840systems3a-h7",
        "type": "hint",
        "dependencies": [
            "ab8b840systems3a-h6"
        ],
        "title": "Checking the Solution",
        "text": "Check the solution by substituting $$(8,3)$$ into both equations.",
        "variabilization": {},
        "oer": "https://OATutor.io <OATutor>",
        "license": "https://creativecommons.org/licenses/by/4.0/ <CC BY 4.0>",
        "speech": "Check the solution by substituting , parentheses 8 comma 3,   into both equations.",
        "math": [
            "$$(8,3)$$"
        ],
        "pacedSpeech": [
            "Check the solution by substituting ,  8 comma 3,  ",
            " into both equations."
        ]
    },
    {
        "id": "ab8b840systems3a-h8",
        "type": "scaffold",
        "problemType": "MultipleChoice",
        "answerType": "string",
        "hintAnswer": [
            "TRUE"
        ],
        "dependencies": [
            "ab8b840systems3a-h7"
        ],
        "title": "Checking the Solution",
        "text": "Does $$-8+3=-5$$?",
        "variabilization": {},
        "oer": "https://OATutor.io <OATutor>",
        "license": "https://creativecommons.org/licenses/by/4.0/ <CC BY 4.0>",
        "choices": [
            "TRUE",
            "FALSE"
        ],
        "speech": "Does  minus 8 plus 3 is equal to negative 5 ?",
        "math": [
            "$$-8+3=-5$$"
        ],
        "pacedSpeech": [
            "Does   minus 8 plus 3 is equal to negative 5"
        ]
    },
    {
        "id": "ab8b840systems3a-h9",
        "type": "scaffold",
        "problemType": "MultipleChoice",
        "answerType": "string",
        "hintAnswer": [
            "TRUE"
        ],
        "dependencies": [
            "ab8b840systems3a-h8"
        ],
        "title": "Checking the Solution",
        "text": "Does $$2(8)-5(3)=1$$",
        "variabilization": {},
        "oer": "https://OATutor.io <OATutor>",
        "license": "https://creativecommons.org/licenses/by/4.0/ <CC BY 4.0>",
        "choices": [
            "TRUE",
            "FALSE"
        ],
        "speech": "Does  2 times 8 minus 5 times 3 is equal to 1",
        "math": [
            "$$2(8)-5(3)=1$$"
        ],
        "pacedSpeech": [
            "Does   2 times 8 minus 5 times 3 is equal to 1"
        ]
    }
]