{
    "id": "ab8b840systems7b",
    "stepAnswer": [
        "$$(4,2)$$ is not a solution to the system of equations."
    ],
    "problemType": "MultipleChoice",
    "stepTitle": "$$5x-y=4$$, $$x+6y=2$$",
    "stepBody": "",
    "answerType": "string",
    "variabilization": {},
    "answerLatex": "$$(4,2)$$ is not a solution to the system of equations.",
    "choices": [
        "$$(4,2)$$ is a solution to the system of equations.",
        "$$(4,2)$$ is not a solution to the system of equations.",
        "$$(4,2)$$ is not a solution to the system of equations."
    ]
}