[
    {
        "id": "ab8b840systems14a-h1",
        "type": "hint",
        "dependencies": [],
        "title": "Solve",
        "text": "The first step is to rewrite one of the equations in terms of one of the variables.",
        "variabilization": {},
        "oer": "https://OATutor.io <OATutor>",
        "license": "https://creativecommons.org/licenses/by/4.0/ <CC BY 4.0>",
        "speech": "The first step is to rewrite one of the equations in terms of one of the variables.",
        "math": [
            ""
        ],
        "pacedSpeech": [
            "The first step is to rewrite one of the equations in terms of one of the variables."
        ]
    },
    {
        "id": "ab8b840systems14a-h2",
        "type": "scaffold",
        "problemType": "TextBox",
        "answerType": "arithmetic",
        "hintAnswer": [
            "$$y=-2x-5$$"
        ],
        "dependencies": [
            "ab8b840systems14a-h1"
        ],
        "title": "Solve",
        "text": "Rewrite the first equation in terms of $$x$$. What is the equation?",
        "variabilization": {},
        "oer": "https://OATutor.io <OATutor>",
        "license": "https://creativecommons.org/licenses/by/4.0/ <CC BY 4.0>",
        "speech": "Rewrite the first equation in terms of  x . What is the equation?",
        "math": [
            "$$x$$"
        ],
        "pacedSpeech": [
            "Rewrite the first equation in terms of   x ",
            ". What is the equation?"
        ]
    },
    {
        "id": "ab8b840systems14a-h3",
        "type": "hint",
        "dependencies": [
            "ab8b840systems14a-h2"
        ],
        "title": "Substitute",
        "text": "Next, substitute the first equation into the second. Use the y-value you found in the previous hint, and simplify until you find the value of $$x$$.",
        "variabilization": {},
        "oer": "https://OATutor.io <OATutor>",
        "license": "https://creativecommons.org/licenses/by/4.0/ <CC BY 4.0>",
        "speech": "Next, substitute the first equation into the second. Use the y-value you found in the previous hint, and simplify until you find the value of  x .",
        "math": [
            "$$x$$"
        ],
        "pacedSpeech": [
            "Next, substitute the first equation into the second. Use the y-value you found in the previous hint, and simplify until you find the value of   x"
        ]
    },
    {
        "id": "ab8b840systems14a-h4",
        "type": "scaffold",
        "problemType": "TextBox",
        "answerType": "arithmetic",
        "hintAnswer": [
            "$$-3$$"
        ],
        "dependencies": [
            "ab8b840systems14a-h3"
        ],
        "title": "Solve",
        "text": "Solve for $$x$$ with the new substituted equation. What is the value of $$x$$?",
        "variabilization": {},
        "oer": "https://OATutor.io <OATutor>",
        "license": "https://creativecommons.org/licenses/by/4.0/ <CC BY 4.0>",
        "speech": "Solve for  x  with the new substituted equation. What is the value of  x, ?",
        "math": [
            "$$x$$",
            "$$x$$"
        ],
        "pacedSpeech": [
            "Solve for   x ",
            " with the new substituted equation. What is the value of   x,"
        ]
    },
    {
        "id": "ab8b840systems14a-h5",
        "type": "hint",
        "dependencies": [
            "ab8b840systems14a-h4"
        ],
        "title": "Substitute",
        "text": "Next, substitute the numeric value of $$x$$ that you now know into either or the original equations. Solve for $$y$$ to find the numeric solution the system of equations.",
        "variabilization": {},
        "oer": "https://OATutor.io <OATutor>",
        "license": "https://creativecommons.org/licenses/by/4.0/ <CC BY 4.0>",
        "speech": "Next, substitute the numeric value of  x  that you now know into either or the original equations. Solve for  y,  to find the numeric solution the system of equations.",
        "math": [
            "$$x$$",
            "$$y$$"
        ],
        "pacedSpeech": [
            "Next, substitute the numeric value of   x ",
            " that you now know into either or the original equations. Solve for   y, ",
            " to find the numeric solution the system of equations."
        ]
    },
    {
        "id": "ab8b840systems14a-h6",
        "type": "scaffold",
        "problemType": "TextBox",
        "answerType": "arithmetic",
        "hintAnswer": [
            "$$1$$"
        ],
        "dependencies": [
            "ab8b840systems14a-h5"
        ],
        "title": "Solve",
        "text": "What does $$y$$ equal when the $$x$$ value is substituted into either of the original equations?",
        "variabilization": {},
        "oer": "https://OATutor.io <OATutor>",
        "license": "https://creativecommons.org/licenses/by/4.0/ <CC BY 4.0>",
        "speech": "What does  y  equal when the  x,  value is substituted into either of the original equations?",
        "math": [
            "$$y$$",
            "$$x$$"
        ],
        "pacedSpeech": [
            "What does   y ",
            " equal when the   x, ",
            " value is substituted into either of the original equations?"
        ]
    },
    {
        "id": "ab8b840systems14a-h7",
        "type": "hint",
        "dependencies": [
            "ab8b840systems14a-h6"
        ],
        "title": "Interpret",
        "text": "Knowing that $$x=-3$$ and $$y=-1$$, we can finalize our answer to be $$(-3,1)$$",
        "variabilization": {},
        "oer": "https://OATutor.io <OATutor>",
        "license": "https://creativecommons.org/licenses/by/4.0/ <CC BY 4.0>",
        "speech": "Knowing that  x is equal to, negative 3  and  y, is equal to negative 1 , we can finalize our answer to be , parentheses, negative 3 comma 1,",
        "math": [
            "$$x=-3$$",
            "$$y=-1$$",
            "$$(-3,1)$$"
        ],
        "pacedSpeech": [
            "Knowing that   x is equal to, negative 3 ",
            " and   y, is equal to negative 1 ",
            ", we can finalize our answer to be  , , negative 3 comma 1,"
        ]
    }
]