{
    "id": "af227bbMoApp1a",
    "stepAnswer": [
        "$$24$$ $$7$$"
    ],
    "problemType": "MultipleChoice",
    "stepTitle": "Find a linear equation to solve for the following unknown quantities",
    "stepBody": "One number exceeds another number by $$17$$ and their sum is $$31$$. Find the larger of the two numbers.",
    "answerType": "string",
    "variabilization": {},
    "answerLatex": "$$24$$ $$7$$",
    "choices": [
        "$$26$$ $$5$$",
        "$$25$$ $$6$$",
        "$$24$$ $$7$$",
        "$$23$$ $$8$$"
    ]
}