{
    "id": "ab8b840systems11a",
    "stepAnswer": [
        "$$(3,5)$$ is not a solution to the system of equations."
    ],
    "problemType": "MultipleChoice",
    "stepTitle": "$$-x+8y=43$$, $$3x-2y=-1$$",
    "stepBody": "",
    "answerType": "string",
    "variabilization": {},
    "answerLatex": "$$(3,5)$$ is not a solution to the system of equations.",
    "choices": [
        "$$(3,5)$$ is a solution to the system of equations.",
        "$$(3,5)$$ is not a solution to the system of equations.",
        "$$(3,5)$$ is not a solution to the system of equations."
    ]
}