[
    {
        "id": "ad37b31probability16a-h1",
        "type": "hint",
        "dependencies": [],
        "title": "Defining Sample Space",
        "text": "The set of all possible outcomes of an experiment is called the sample space of the experiment.",
        "variabilization": {},
        "oer": "https://OATutor.io <OATutor>",
        "license": "https://creativecommons.org/licenses/by/4.0/ <CC BY 4.0>",
        "speech": "The set of all possible outcomes of an experiment is called the sample space of the experiment.",
        "math": [
            ""
        ],
        "pacedSpeech": [
            "The set of all possible outcomes of an experiment is called the sample space of the experiment."
        ]
    },
    {
        "id": "ad37b31probability16a-h2",
        "type": "hint",
        "dependencies": [
            "ad37b31probability16a-h1"
        ],
        "title": "Format of the Outcomes",
        "text": "Given there are two coins, each outcome is represented by two letters one for the first coin and the other for the second coin.",
        "variabilization": {},
        "oer": "https://OATutor.io <OATutor>",
        "license": "https://creativecommons.org/licenses/by/4.0/ <CC BY 4.0>",
        "speech": "Given there are two coins, each outcome is represented by two letters one for the first coin and the other for the second coin.",
        "math": [
            ""
        ],
        "pacedSpeech": [
            "Given there are two coins, each outcome is represented by two letters one for the first coin and the other for the second coin."
        ]
    },
    {
        "id": "ad37b31probability16a-h3",
        "type": "scaffold",
        "problemType": "MultipleChoice",
        "answerType": "string",
        "hintAnswer": [
            "HH, HT, TT, TH"
        ],
        "dependencies": [
            "ad37b31probability16a-h2"
        ],
        "title": "Finding Sample Space",
        "text": "List all the possible outcomes of the two coin flips using H for heads and T for tails.",
        "variabilization": {},
        "oer": "https://OATutor.io <OATutor>",
        "license": "https://creativecommons.org/licenses/by/4.0/ <CC BY 4.0>",
        "choices": [
            "HH, HT, TT, TH",
            "HT, TH",
            "TT, HH, HT",
            "HH,TT"
        ],
        "speech": "List all the possible outcomes of the two coin flips using H for heads and T for tails.",
        "math": [
            ""
        ],
        "pacedSpeech": [
            "List all the possible outcomes of the two coin flips using H for heads and T for tails."
        ]
    }
]