{
    "id": "aa97d5brates5a",
    "stepAnswer": [
        "local minimum: $$(2,3)$$ local maximum: $$(-3,-2)$$"
    ],
    "problemType": "MultipleChoice",
    "stepTitle": "Use the graph of the function $$f(x)=\\frac{2}{x}+\\frac{x}{3}$$ to estimate the local extrema.",
    "stepBody": "",
    "answerType": "string",
    "variabilization": {},
    "answerLatex": "local minimum: $$(2,3)$$ local maximum: $$(-3,-2)$$",
    "choices": [
        "local minimum: $$(-1,0)$$ local maximum: $$(0,1)$$",
        "local minimum: $$(-3,-2)$$ local maximum: $$(2,3)$$",
        "local minimum: $$(0,1)$$ local maximum: $$(-1,0)$$",
        "local minimum: $$(2,3)$$ local maximum: $$(-3,-2)$$",
        "local minimum: $$(2,3)$$ local maximum: $$(-3,-2)$$"
    ]
}