[
    {
        "id": "a7b98f9composition18b-h1",
        "type": "hint",
        "dependencies": [],
        "title": "Subtraction",
        "text": "Remember that f-g is the same as $$(f-g)(x)$$. All we have to do is subtract the two functions.",
        "variabilization": {},
        "oer": "https://OATutor.io <OATutor>",
        "license": "https://creativecommons.org/licenses/by/4.0/ <CC BY 4.0>",
        "speech": "Remember that f-g is the same as  times, parentheses f minus g,  of x . All we have to do is subtract the two functions.",
        "math": [
            "$$(f-g)(x)$$"
        ],
        "pacedSpeech": [
            "Remember that f-g is the same as   times,  f minus g,  of x ",
            ". All we have to do is subtract the two functions."
        ]
    },
    {
        "id": "a7b98f9composition18b-h2",
        "type": "scaffold",
        "problemType": "TextBox",
        "answerType": "arithmetic",
        "hintAnswer": [
            "$$2x^2-8x$$"
        ],
        "dependencies": [
            "a7b98f9composition18b-h1"
        ],
        "title": "Subtraction",
        "text": "What is $$2x^2+4x-12x$$?",
        "variabilization": {},
        "oer": "https://OATutor.io <OATutor>",
        "license": "https://creativecommons.org/licenses/by/4.0/ <CC BY 4.0>",
        "subHints": [
            {
                "id": "a7b98f9composition18b-h2-s1",
                "type": "hint",
                "dependencies": [],
                "title": "Combining Like Terms",
                "text": "$$4x-12x=-8x$$, but there is no other $$x^2$$ term, so the final answer is $$2x^2-8x$$.",
                "variabilization": {},
                "oer": "https://OATutor.io <OATutor>",
                "license": "https://creativecommons.org/licenses/by/4.0/ <CC BY 4.0>"
            }
        ],
        "speech": "What is  2 x squared, plus 4 x minus 12 x ?",
        "math": [
            "$$2x^2+4x-12x$$"
        ],
        "pacedSpeech": [
            "What is   2 x squared, plus 4 x minus 12 x"
        ]
    }
]