{
    "id": "a7ea646graph3",
    "title": "Finding the $$y-$$ and $$x-Intercepts$$ of a Polynomial in Factored Form",
    "body": "Find the $$x$$ and $$y$$ intercepts of the following function.",
    "variabilization": {},
    "oer": "https://openstax.org/details/books/college-algebra-2e <OpenStax: College Algebra>",
    "license": "https://creativecommons.org/licenses/by/4.0/ <CC BY 4.0>",
    "lesson": "5.3 Graphs of Polynomial Functions",
    "courseName": "OpenStax: College Algebra"
}