[
    {
        "id": "a7b98f9composition17c-h1",
        "type": "hint",
        "dependencies": [],
        "title": "Multiplication",
        "text": "Remember that $$fg$$ is the same as $$(fg)(x)$$. All we have to do is use foil to multiply the two functions.",
        "variabilization": {},
        "oer": "https://OATutor.io <OATutor>",
        "license": "https://creativecommons.org/licenses/by/4.0/ <CC BY 4.0>",
        "speech": "Remember that f times g is the same as f times g of x. All we have to do is use foil to multiply the two functions.",
        "math": [
            "$$fg$$",
            "$$(fg)(x)$$"
        ],
        "pacedSpeech": [
            "Remember that f times g",
            "is the same as f times g of x",
            " All we have to do is use foil to multiply the two functions."
        ]
    },
    {
        "id": "a7b98f9composition17c-h2",
        "type": "scaffold",
        "problemType": "TextBox",
        "answerType": "arithmetic",
        "hintAnswer": [
            "$$-15x^2+5x$$"
        ],
        "dependencies": [
            "a7b98f9composition17c-h1"
        ],
        "title": "Multiplication",
        "text": "What is $$5\\left(-3x^2+x\\right)$$?",
        "variabilization": {},
        "oer": "https://OATutor.io <OATutor>",
        "license": "https://creativecommons.org/licenses/by/4.0/ <CC BY 4.0>",
        "subHints": [
            {
                "id": "a7b98f9composition17c-h2-s1",
                "type": "hint",
                "dependencies": [],
                "title": "Combining Like Terms",
                "text": "$$5\\left(-3x^2+x\\right)$$ is the same as 5(-3x^2+x). After distributing the $$5$$, we are left with $$-15x^2+5x$$.",
                "variabilization": {},
                "oer": "https://OATutor.io <OATutor>",
                "license": "https://creativecommons.org/licenses/by/4.0/ <CC BY 4.0>"
            }
        ],
        "speech": "What is  5 times parentheses, negative 3 x squared, plus x  ?",
        "math": [
            "$$5\\left(-3x^2+x\\right)$$"
        ],
        "pacedSpeech": [
            "What is   5 times , negative 3 x squared, plus x"
        ]
    }
]