{
    "id": "af227bbMoApp5a",
    "stepAnswer": [
        "$$85$$ $$28$$"
    ],
    "problemType": "MultipleChoice",
    "stepTitle": "Mark and Don are planning to sell each of their marble collections at a garage sale",
    "stepBody": "If Don has $$1$$ more than $$3$$ times the number of marbles Mark has, how many does each boy have to sell if the total number of marbles is 113?",
    "answerType": "string",
    "variabilization": {},
    "answerLatex": "$$85$$ $$28$$",
    "choices": [
        "$$82$$ $$27$$",
        "$$85$$ $$28$$",
        "$$88$$ $$29$$",
        "$$91$$ $$30$$"
    ]
}