[
    {
        "id": "a0351f0theparabola19a-h1",
        "type": "hint",
        "dependencies": [],
        "title": "Finding The Characteristics",
        "text": "Since this parabola is already in standard form, we know that the vertex is $$(-3,4)$$ and that $$p=\\frac{1}{2}$$. This means that the focus is $$(-2.5, 4)$$ and the directrix is $$x=-3.5$$",
        "variabilization": {},
        "oer": "https://OATutor.io <OATutor>",
        "license": "https://creativecommons.org/licenses/by/4.0/ <CC BY 4.0>",
        "speech": "Since this parabola is already in standard form, we know that the vertex is  times, parentheses, negative 3 comma 4,   and that  p is equal to 1 half . This means that the focus is , parentheses, negative 2.5 comma 4,   and the directrix is  x is equal to negative 3.5",
        "math": [
            "$$(-3,4)$$",
            "$$p=\\frac{1}{2}$$",
            "$$(-2.5, 4)$$",
            "$$x=-3.5$$"
        ],
        "pacedSpeech": [
            "Since this parabola is already in standard form, we know that the vertex is   times, , negative 3 comma 4,  ",
            " and that   p is equal to 1 half ",
            ". This means that the focus is  , , negative 2.5 comma 4,  ",
            " and the directrix is   x is equal to negative 3.5"
        ]
    }
]