[
    {
        "id": "aabf119factor6a-h1",
        "type": "hint",
        "dependencies": [],
        "title": "Factor the expression",
        "text": "To factor a trionomial $${ax}^2+bx+c$$, the first step is to find $$p$$ and $$q$$, a pair of factors of $$ac$$ with a sum of $$b$$.",
        "variabilization": {},
        "oer": "https://OATutor.io <OATutor>",
        "license": "https://creativecommons.org/licenses/by/4.0/ <CC BY 4.0>",
        "speech": "To factor a trionomial  a x squared, plus b x plus, c , the first step is to find  p  and q, a pair of factors of ac with a sum of  b .",
        "math": [
            "$${ax}^2+bx+c$$",
            "$$p$$",
            "$$q$$",
            "$$ac$$",
            "$$b$$"
        ],
        "pacedSpeech": [
            "To factor a trionomial   a x squared, plus b x plus, c ",
            ", the first step is to find   p ",
            " and q,",
            "a pair of factors of ac",
            "with a sum of   b"
        ]
    },
    {
        "id": "aabf119factor6a-h2",
        "type": "scaffold",
        "problemType": "TextBox",
        "answerType": "arithmetic",
        "hintAnswer": [
            "$$18$$"
        ],
        "dependencies": [
            "aabf119factor6a-h1"
        ],
        "title": "Product of Numbers",
        "text": "What is $$3\\times6$$?",
        "variabilization": {},
        "oer": "https://OATutor.io <OATutor>",
        "license": "https://creativecommons.org/licenses/by/4.0/ <CC BY 4.0>",
        "speech": "What is  3 times 6, ?",
        "math": [
            "$$3\\times6$$"
        ],
        "pacedSpeech": [
            "What is   3 times 6,"
        ]
    },
    {
        "id": "aabf119factor6a-h3",
        "type": "scaffold",
        "problemType": "TextBox",
        "answerType": "arithmetic",
        "hintAnswer": [
            "$$9$$"
        ],
        "dependencies": [
            "aabf119factor6a-h2"
        ],
        "title": "Sum of Numbers",
        "text": "What is $$3+6$$?",
        "variabilization": {},
        "oer": "https://OATutor.io <OATutor>",
        "license": "https://creativecommons.org/licenses/by/4.0/ <CC BY 4.0>",
        "speech": "What is  3 plus 6 ?",
        "math": [
            "$$3+6$$"
        ],
        "pacedSpeech": [
            "What is   3 plus 6"
        ]
    },
    {
        "id": "aabf119factor6a-h4",
        "type": "hint",
        "dependencies": [
            "aabf119factor6a-h3"
        ],
        "title": "Rewriting the Expression",
        "text": "The second step is to rewrite the original expression as $${ax}^2+px+qx+c$$.",
        "variabilization": {},
        "oer": "https://OATutor.io <OATutor>",
        "license": "https://creativecommons.org/licenses/by/4.0/ <CC BY 4.0>",
        "speech": "The second step is to rewrite the original expression as  a x squared, plus p x plus q x plus c .",
        "math": [
            "$${ax}^2+px+qx+c$$"
        ],
        "pacedSpeech": [
            "The second step is to rewrite the original expression as   a x squared, plus p x plus q x plus c"
        ]
    },
    {
        "id": "aabf119factor6a-h5",
        "type": "hint",
        "dependencies": [
            "aabf119factor6a-h4"
        ],
        "title": "Greatest Common Factor (GCF)",
        "text": "Thirdly, pull out the GCF of $${ax}^2+px$$.",
        "variabilization": {},
        "oer": "https://OATutor.io <OATutor>",
        "license": "https://creativecommons.org/licenses/by/4.0/ <CC BY 4.0>",
        "speech": "Thirdly, pull out the GCF of , a x squared, plus p x .",
        "math": [
            "$${ax}^2+px$$"
        ],
        "pacedSpeech": [
            "Thirdly, pull out the GCF of  , a x squared, plus p x"
        ]
    },
    {
        "id": "aabf119factor6a-h6",
        "type": "hint",
        "dependencies": [
            "aabf119factor6a-h5"
        ],
        "title": "Greatest Common Factor (GCF)",
        "text": "Then, pull out the GCF of $$qx+c$$.",
        "variabilization": {},
        "oer": "https://OATutor.io <OATutor>",
        "license": "https://creativecommons.org/licenses/by/4.0/ <CC BY 4.0>",
        "speech": "Then, pull out the GCF of , q x plus c .",
        "math": [
            "$$qx+c$$"
        ],
        "pacedSpeech": [
            "Then, pull out the GCF of  , q x plus c"
        ]
    },
    {
        "id": "aabf119factor6a-h7",
        "type": "hint",
        "dependencies": [
            "aabf119factor6a-h6"
        ],
        "title": "Factoring out the GCF",
        "text": "Lastly, factor out the GCF of the expression.",
        "variabilization": {},
        "oer": "https://OATutor.io <OATutor>",
        "license": "https://creativecommons.org/licenses/by/4.0/ <CC BY 4.0>",
        "speech": "Lastly, factor out the GCF of the expression.",
        "math": [
            ""
        ],
        "pacedSpeech": [
            "Lastly, factor out the GCF of the expression."
        ]
    }
]