[
    {
        "id": "a833c22linear20b-h1",
        "type": "hint",
        "dependencies": [],
        "title": "Rewrite",
        "text": "",
        "variabilization": {},
        "oer": "https://OATutor.io <OATutor>",
        "license": "https://creativecommons.org/licenses/by/4.0/ <CC BY 4.0>",
        "speech": "",
        "math": [
            ""
        ],
        "pacedSpeech": [
            ""
        ]
    },
    {
        "id": "a833c22linear20b-h2",
        "type": "hint",
        "dependencies": [
            "a833c22linear20b-h1"
        ],
        "title": "Rewrite",
        "text": "Let's try to rewrite this in equation form. We can make our variable $$x$$ where $$x$$ $$=$$ the number of days",
        "variabilization": {},
        "oer": "https://OATutor.io <OATutor>",
        "license": "https://creativecommons.org/licenses/by/4.0/ <CC BY 4.0>",
        "speech": "Let's try to rewrite this in equation form. We can make our variable , x  where  x  , is equal to  the number of days",
        "math": [
            "$$x$$",
            "$$x$$",
            "$$=$$"
        ],
        "pacedSpeech": [
            "Let's try to rewrite this in equation form. We can make our variable  , x ",
            " where   x ",
            "  , is equal to ",
            " the number of days"
        ]
    },
    {
        "id": "a833c22linear20b-h3",
        "type": "scaffold",
        "problemType": "MultipleChoice",
        "answerType": "string",
        "hintAnswer": [
            "negative"
        ],
        "dependencies": [
            "a833c22linear20b-h2"
        ],
        "title": "Checking for if function is increasing, decreasing, or constant.",
        "text": "To see if our function is increasing, decreasing, or constant, we have to check the slope. Is the slope positive, constant, or negative?",
        "variabilization": {},
        "oer": "https://OATutor.io <OATutor>",
        "license": "https://creativecommons.org/licenses/by/4.0/ <CC BY 4.0>",
        "choices": [
            "positive",
            "constant",
            "negative"
        ],
        "speech": "To see if our function is increasing, decreasing, or constant, we have to check the slope. Is the slope positive, constant, or negative?",
        "math": [
            ""
        ],
        "pacedSpeech": [
            "To see if our function is increasing, decreasing, or constant, we have to check the slope. Is the slope positive, constant, or negative?"
        ]
    },
    {
        "id": "a833c22linear20b-h4",
        "type": "hint",
        "dependencies": [
            "a833c22linear20b-h3"
        ],
        "title": "Checking for if function is increasing, decreasing, or constant.",
        "text": "We see that $$-60$$ is negative which means our function is decreasing",
        "variabilization": {},
        "oer": "https://OATutor.io <OATutor>",
        "license": "https://creativecommons.org/licenses/by/4.0/ <CC BY 4.0>",
        "speech": "We see that  negative 60  is negative which means our function is decreasing",
        "math": [
            "$$-60$$"
        ],
        "pacedSpeech": [
            "We see that   negative 60 ",
            " is negative which means our function is decreasing"
        ]
    }
]