{
    "id": "a5ccaf6logarithmsandlogistic11",
    "title": "Solving Logistic Equations #10",
    "body": "The population P of an endangered species habitat for wolves is modeled by the function $$P(x)=\\frac{558}{1+54.8e^{-0.462 x}}$$, where $$x$$ is given in years.",
    "variabilization": {},
    "oer": "https://openstax.org/details/books/college-algebra-2e <OpenStax: College Algebra>",
    "license": "https://creativecommons.org/licenses/by/4.0/ <CC BY 4.0>",
    "lesson": "6.8 Fitting Exponential Models to Data",
    "courseName": "OpenStax: College Algebra"
}