[
    {
        "id": "a0351f0theparabola12a-h1",
        "type": "hint",
        "dependencies": [],
        "title": "Writing in Standard Form",
        "text": "We just have to multiply by $$4$$ on both sides to get $$4y=x^2$$",
        "variabilization": {},
        "oer": "https://OATutor.io <OATutor>",
        "license": "https://creativecommons.org/licenses/by/4.0/ <CC BY 4.0>",
        "speech": "We just have to multiply by , 4  on both sides to get  4 y, is equal to x squared",
        "math": [
            "$$4$$",
            "$$4y=x^2$$"
        ],
        "pacedSpeech": [
            "We just have to multiply by  , 4 ",
            " on both sides to get   4 y, is equal to x squared"
        ]
    },
    {
        "id": "a0351f0theparabola12a-h2",
        "type": "hint",
        "dependencies": [
            "a0351f0theparabola12a-h1"
        ],
        "title": "Finding The Characteristics",
        "text": "From the equation, we can see that $$p=1$$, and the vertex is $$(0,0)$$. Because $$p=1$$, we know that the focus is $$(0,1)$$ and the directrix is $$y=-1$$",
        "variabilization": {},
        "oer": "https://OATutor.io <OATutor>",
        "license": "https://creativecommons.org/licenses/by/4.0/ <CC BY 4.0>",
        "speech": "From the equation, we can see that  p is equal to 1 , and the vertex is , parentheses 0 comma 0,  . Because  p is equal to 1 , we know that the focus is , parentheses 0 comma 1,   and the directrix is  y is equal to negative 1",
        "math": [
            "$$p=1$$",
            "$$(0,0)$$",
            "$$p=1$$",
            "$$(0,1)$$",
            "$$y=-1$$"
        ],
        "pacedSpeech": [
            "From the equation, we can see that   p is equal to 1 ",
            ", and the vertex is  ,  0 comma 0,  ",
            ". Because   p is equal to 1 ",
            ", we know that the focus is  ,  0 comma 1,  ",
            " and the directrix is   y is equal to negative 1"
        ]
    }
]