[
    {
        "id": "a7ea646graph2a-h1",
        "type": "hint",
        "dependencies": [],
        "title": "How to Factor",
        "text": "First, factor by grouping.",
        "variabilization": {},
        "oer": "https://OATutor.io <OATutor>",
        "license": "https://creativecommons.org/licenses/by/4.0/ <CC BY 4.0>",
        "speech": "First, factor by grouping.",
        "math": [
            ""
        ],
        "pacedSpeech": [
            "First, factor by grouping."
        ]
    },
    {
        "id": "a7ea646graph2a-h2",
        "type": "scaffold",
        "problemType": "TextBox",
        "answerType": "arithmetic",
        "hintAnswer": [
            "$$\\left(x^2-1\\right) \\left(x-5\\right)$$"
        ],
        "dependencies": [
            "a7ea646graph2a-h1"
        ],
        "title": "Result of Factoring",
        "text": "What is the result after factoring by grouping? $$f(x)=$$?",
        "variabilization": {},
        "oer": "https://OATutor.io <OATutor>",
        "license": "https://creativecommons.org/licenses/by/4.0/ <CC BY 4.0>",
        "speech": "What is the result after factoring by grouping? , f of x is equal to, ?",
        "math": [
            "$$f(x)=$$"
        ],
        "pacedSpeech": [
            "What is the result after factoring by grouping?  , f of x is equal to,"
        ]
    },
    {
        "id": "a7ea646graph2a-h3",
        "type": "hint",
        "dependencies": [
            "a7ea646graph2a-h2"
        ],
        "title": "Continued Factoring",
        "text": "Next, factor out the difference of squares.",
        "variabilization": {},
        "oer": "https://OATutor.io <OATutor>",
        "license": "https://creativecommons.org/licenses/by/4.0/ <CC BY 4.0>",
        "speech": "Next, factor out the difference of squares.",
        "math": [
            ""
        ],
        "pacedSpeech": [
            "Next, factor out the difference of squares."
        ]
    },
    {
        "id": "a7ea646graph2a-h4",
        "type": "hint",
        "dependencies": [
            "a7ea646graph2a-h3"
        ],
        "title": "Solving for Zeros",
        "text": "Finally, set each factor to $$0$$ and solve for $$x$$.",
        "variabilization": {},
        "oer": "https://OATutor.io <OATutor>",
        "license": "https://creativecommons.org/licenses/by/4.0/ <CC BY 4.0>",
        "speech": "Finally, set each factor to  0  and solve for  x, .",
        "math": [
            "$$0$$",
            "$$x$$"
        ],
        "pacedSpeech": [
            "Finally, set each factor to   0 ",
            " and solve for   x,"
        ]
    }
]