[
    {
        "id": "af227bbMoApp3c-h1",
        "type": "scaffold",
        "problemType": "TextBox",
        "answerType": "arithmetic",
        "hintAnswer": [
            "$$92$$"
        ],
        "dependencies": [],
        "title": "Substitute",
        "text": "What is $$0.05\\times1160+34$$?",
        "variabilization": {},
        "oer": "https://OATutor.io <OATutor>",
        "license": "https://creativecommons.org/licenses/by/4.0/ <CC BY 4.0>",
        "speech": "What is , 0.05 times 1160, plus 34 ?",
        "math": [
            "$$0.05\\times1160+34$$"
        ],
        "pacedSpeech": [
            "What is  , 0.05 times 1160, plus 34"
        ]
    },
    {
        "id": "af227bbMoApp3c-h2",
        "type": "scaffold",
        "problemType": "TextBox",
        "answerType": "arithmetic",
        "hintAnswer": [
            "$$86.4$$"
        ],
        "dependencies": [
            "af227bbMoApp3c-h1"
        ],
        "title": "Substitute",
        "text": "What is $$0.04\\times1160+40$$?",
        "variabilization": {},
        "oer": "https://OATutor.io <OATutor>",
        "license": "https://creativecommons.org/licenses/by/4.0/ <CC BY 4.0>",
        "speech": "What is , 0.04 times 1160, plus 40 ?",
        "math": [
            "$$0.04\\times1160+40$$"
        ],
        "pacedSpeech": [
            "What is  , 0.04 times 1160, plus 40"
        ]
    },
    {
        "id": "af227bbMoApp3c-h3",
        "type": "hint",
        "dependencies": [
            "af227bbMoApp3c-h2"
        ],
        "title": "Comparison",
        "text": "If the average talk-time is $$1,160 minutes$$, the plan form company A will cost $$ \\$92 $$ every month and the plan from company B will cost $$\\$86.4$$ every month, so company B offers the better plan.",
        "variabilization": {},
        "oer": "https://OATutor.io <OATutor>",
        "license": "https://creativecommons.org/licenses/by/4.0/ <CC BY 4.0>",
        "speech": "If the average talk-time is 1,160 minutes, the plan form company A will cost $92 every month and the plan from company B will cost  dollars 86.4,  every month, so company B offers the better plan.",
        "math": [
            "$$1,160 minutes$$",
            "$$ \\$92 $$",
            "$$\\$86.4$$"
        ],
        "pacedSpeech": [
            "If the average talk-time is 1,160 minutes",
            "the plan form company A will cost $92",
            "every month and the plan from company B will cost   dollars 86.4, ",
            " every month, so company B offers the better plan."
        ]
    }
]