[
    {
        "id": "a5ccaf6logarithmsandlogistic2a-h1",
        "type": "hint",
        "dependencies": [],
        "title": "Subsituting in P(t)",
        "text": "Subsitute in $$P(t)=45$$ and solve for $$t$$.",
        "variabilization": {},
        "oer": "https://OATutor.io <OATutor>",
        "license": "https://creativecommons.org/licenses/by/4.0/ <CC BY 4.0>",
        "speech": "Subsitute in ,   p of t, is equal to 45  and solve for  t .",
        "math": [
            "$$P(t)=45$$",
            "$$t$$"
        ],
        "pacedSpeech": [
            "Subsitute in  ,   p of t, is equal to 45 ",
            " and solve for   t"
        ]
    }
]