[
    {
        "id": "a7ea646graph19a-h1",
        "type": "hint",
        "dependencies": [],
        "title": "Substituting $$t$$",
        "text": "We can let $$t=x^2$$ and substitute into the equation. We now have $$g(t)=2t^2+6t-8$$",
        "variabilization": {},
        "oer": "https://OATutor.io <OATutor>",
        "license": "https://creativecommons.org/licenses/by/4.0/ <CC BY 4.0>",
        "speech": "We can let  t is equal to, x squared  and substitute into the equation. We now have  g of t is equal to 2 t squared, plus 6 t minus 8",
        "math": [
            "$$t=x^2$$",
            "$$g(t)=2t^2+6t-8$$"
        ],
        "pacedSpeech": [
            "We can let   t is equal to, x squared ",
            " and substitute into the equation. We now have   g of t is equal to 2 t squared, plus 6 t minus 8"
        ]
    },
    {
        "id": "a7ea646graph19a-h2",
        "type": "hint",
        "dependencies": [
            "a7ea646graph19a-h1"
        ],
        "title": "Factoring the Quadratic",
        "text": "We now factor the quadratic from the previous step. $$g(t)=2\\left(t+4\\right) \\left(t-1\\right)$$",
        "variabilization": {},
        "oer": "https://OATutor.io <OATutor>",
        "license": "https://creativecommons.org/licenses/by/4.0/ <CC BY 4.0>",
        "speech": "We now factor the quadratic from the previous step.  g of t is equal to 2 times, parentheses t plus 4,  times, parentheses t minus 1,",
        "math": [
            "$$g(t)=2\\left(t+4\\right) \\left(t-1\\right)$$"
        ],
        "pacedSpeech": [
            "We now factor the quadratic from the previous step.   g of t is equal to 2 times,  t plus 4,  times,  t minus 1,"
        ]
    },
    {
        "id": "a7ea646graph19a-h3",
        "type": "hint",
        "dependencies": [
            "a7ea646graph19a-h2"
        ],
        "title": "Solving for $$t$$",
        "text": "We can set the equation equal to $$0$$. $$0=2\\left(t+4\\right) \\left(t-1\\right)$$. This means that $$t=1$$ and $$-4$$.",
        "variabilization": {},
        "oer": "https://OATutor.io <OATutor>",
        "license": "https://creativecommons.org/licenses/by/4.0/ <CC BY 4.0>",
        "speech": "We can set the equation equal to  0 .  0, is equal to 2 times, parentheses t plus 4,  times, parentheses t minus 1,  . This means that  t is equal to, 1  and  negative 4 .",
        "math": [
            "$$0$$",
            "$$0=2\\left(t+4\\right) \\left(t-1\\right)$$",
            "$$t=1$$",
            "$$-4$$"
        ],
        "pacedSpeech": [
            "We can set the equation equal to   0 ",
            ".   0, is equal to 2 times,  t plus 4,  times,  t minus 1,  ",
            ". This means that   t is equal to, 1 ",
            " and   negative 4"
        ]
    },
    {
        "id": "a7ea646graph19a-h4",
        "type": "hint",
        "dependencies": [
            "a7ea646graph19a-h3"
        ],
        "title": "Solving for the Intercepts",
        "text": "We can now take the square root of the values of $$t$$ to get the values of $$x$$. This means that $$x=1$$ and $$-1$$, since there is no real square root of $$-4$$. So, our intercept is $$(1,0),(-1,0)$$",
        "variabilization": {},
        "oer": "https://OATutor.io <OATutor>",
        "license": "https://creativecommons.org/licenses/by/4.0/ <CC BY 4.0>",
        "speech": "We can now take the square root of the values of  t  to get the values of  x . This means that  x is equal to 1  and  negative 1 , since there is no real square root of  negative 4 . So, our intercept is , parentheses 1 comma 0,  comma, parentheses, negative 1 comma 0,",
        "math": [
            "$$t$$",
            "$$x$$",
            "$$x=1$$",
            "$$-1$$",
            "$$-4$$",
            "$$(1,0),(-1,0)$$"
        ],
        "pacedSpeech": [
            "We can now take the square root of the values of   t ",
            " to get the values of   x ",
            ". This means that   x is equal to 1 ",
            " and   negative 1 ",
            ", since there is no real square root of   negative 4 ",
            ". So, our intercept is  ,  1 comma 0,  comma, , negative 1 comma 0,"
        ]
    }
]