[
    {
        "id": "af227bbMoApp3e-h1",
        "type": "scaffold",
        "problemType": "TextBox",
        "answerType": "arithmetic",
        "hintAnswer": [
            "$$0.05x+34=0.04x+40$$"
        ],
        "dependencies": [],
        "title": "Translation to Math Operations",
        "text": "What is the mathematical form of \"yield equal monthly statements from both companies\"?",
        "variabilization": {},
        "oer": "https://OATutor.io <OATutor>",
        "license": "https://creativecommons.org/licenses/by/4.0/ <CC BY 4.0>",
        "speech": "What is the mathematical form of \"yield equal monthly statements from both companies\"?",
        "math": [
            ""
        ],
        "pacedSpeech": [
            "What is the mathematical form of \"yield equal monthly statements from both companies\"?"
        ]
    },
    {
        "id": "af227bbMoApp3e-h2",
        "type": "scaffold",
        "problemType": "TextBox",
        "answerType": "arithmetic",
        "hintAnswer": [
            "$$600$$"
        ],
        "dependencies": [
            "af227bbMoApp3e-h1"
        ],
        "title": "Simplify and Solve",
        "text": "Solve the equation we write. What is $$x$$?",
        "variabilization": {},
        "oer": "https://OATutor.io <OATutor>",
        "license": "https://creativecommons.org/licenses/by/4.0/ <CC BY 4.0>",
        "speech": "Solve the equation we write. What is  x ?",
        "math": [
            "$$x$$"
        ],
        "pacedSpeech": [
            "Solve the equation we write. What is   x"
        ]
    }
]