[
    {
        "id": "a7ea646graph3a-h1",
        "type": "hint",
        "dependencies": [],
        "title": "Solving for the $$y-intercept(s)$$",
        "text": "Find the $$y$$ intercept(s) by finding $$g(0)$$.",
        "variabilization": {},
        "oer": "https://OATutor.io <OATutor>",
        "license": "https://creativecommons.org/licenses/by/4.0/ <CC BY 4.0>",
        "speech": "Find the  y  intercept(s) by finding g of 0.",
        "math": [
            "$$y$$",
            "$$g(0)$$"
        ],
        "pacedSpeech": [
            "Find the   y ",
            " intercept(s) by finding g of 0."
        ]
    },
    {
        "id": "a7ea646graph3a-h2",
        "type": "scaffold",
        "problemType": "TextBox",
        "answerType": "arithmetic",
        "hintAnswer": [
            "$$12$$"
        ],
        "dependencies": [
            "a7ea646graph3a-h1"
        ],
        "title": "Solving for the y-intercept",
        "text": "$$g(0)=$$?",
        "variabilization": {},
        "oer": "https://OATutor.io <OATutor>",
        "license": "https://creativecommons.org/licenses/by/4.0/ <CC BY 4.0>",
        "speech": ", g of 0 is equal to, ?",
        "math": [
            "$$g(0)=$$"
        ],
        "pacedSpeech": [
            ", g of 0 is equal to,"
        ]
    },
    {
        "id": "a7ea646graph3a-h3",
        "type": "scaffold",
        "problemType": "MultipleChoice",
        "answerType": "string",
        "hintAnswer": [
            "$$2$$, $$\\frac{-3}{2}$$"
        ],
        "dependencies": [
            "a7ea646graph3a-h2"
        ],
        "title": "Solving for the $$x-intercept(s)$$",
        "text": "The $$x-intercept(s)$$ can be found by setting $$g(x)=0$$. $$x=$$?",
        "variabilization": {},
        "oer": "https://OATutor.io <OATutor>",
        "license": "https://creativecommons.org/licenses/by/4.0/ <CC BY 4.0>",
        "choices": [
            "$$2-\\frac{3}{2}$$",
            "2,3",
            "$$\\frac{-2}{3}$$, $$3$$"
        ],
        "speech": "The  x , intercept of s,  can be found by setting  g of x is equal to 0 .  x, is equal to ?",
        "math": [
            "$$x-intercept(s)$$",
            "$$g(x)=0$$",
            "$$x=$$"
        ],
        "pacedSpeech": [
            "The   x , intercept of s, ",
            " can be found by setting   g of x is equal to 0 ",
            ".   x, is equal to"
        ]
    }
]