[
    {
        "id": "a7b98f9composition19c-h1",
        "type": "hint",
        "dependencies": [],
        "title": "Multiplication",
        "text": "Remember that $$fg$$ is the same as $$(fg)(x)$$. All we have to do is use foil to multiply the two functions.",
        "variabilization": {},
        "oer": "https://OATutor.io <OATutor>",
        "license": "https://creativecommons.org/licenses/by/4.0/ <CC BY 4.0>",
        "speech": "Remember that fg is the same as  f timges g of x, . All we have to do is use foil to multiply the two functions.",
        "math": [
            "$$fg$$",
            "$$(fg)(x)$$"
        ],
        "pacedSpeech": [
            "Remember that fg is the same as   f times g of x, ",
            ". All we have to do is use foil to multiply the two functions."
        ]
    },
    {
        "id": "a7b98f9composition19c-h2",
        "type": "hint",
        "dependencies": [
            "a7b98f9composition19c-h1"
        ],
        "title": "Multiplication",
        "text": "Since we are multiplying fractions, we muliply the numerators together and the denominators together. $$1\\times1=1$$, so the numerator stays the same. The denominator becomes $$(x-4)(6-x)$$ which we can leave in this factored form. Our answer is $$\\frac{1}{\\left(x-4\\right) \\left(6-x\\right)}$$.",
        "variabilization": {},
        "oer": "https://OATutor.io <OATutor>",
        "license": "https://creativecommons.org/licenses/by/4.0/ <CC BY 4.0>",
        "speech": "Since we are multiplying fractions, we muliply the numerators together and the denominators together.  1 times 1, is equal to 1 , so the numerator stays the same. The denominator becomes  parentheses x minus 4,  times, parentheses 6 minus x,   which we can leave in this factored form. Our answer is  fraction, 1 over, parentheses x minus 4,  times, parentheses 6 minus x, ,  .",
        "math": [
            "$$1\\times1=1$$",
            "$$(x-4)(6-x)$$",
            "$$\\frac{1}{\\left(x-4\\right) \\left(6-x\\right)}$$"
        ],
        "pacedSpeech": [
            "Since we are multiplying fractions, we muliply the numerators together and the denominators together.   1 times 1, is equal to 1 ",
            ", so the numerator stays the same. The denominator becomes    x minus 4,  times,  6 minus x,  ",
            " which we can leave in this factored form. Our answer is   fraction, 1 over,  x minus 4,  times,  6 minus x, ,"
        ]
    }
]