[
    {
        "id": "a833c22linear8a-h1",
        "type": "scaffold",
        "problemType": "TextBox",
        "answerType": "arithmetic",
        "hintAnswer": [
            "$$\\frac{1}{4}$$"
        ],
        "dependencies": [],
        "title": "Slope",
        "text": "What is the slope of the function?",
        "variabilization": {},
        "oer": "https://OATutor.io <OATutor>",
        "license": "https://creativecommons.org/licenses/by/4.0/ <CC BY 4.0>",
        "speech": "What is the slope of the function?",
        "math": [
            ""
        ],
        "pacedSpeech": [
            "What is the slope of the function?"
        ]
    },
    {
        "id": "a833c22linear8a-s1",
        "type": "scaffold",
        "problemType": "MultipleChoice",
        "answerType": "string",
        "hintAnswer": [
            "Yes"
        ],
        "dependencies": [
            "a833c22linear8a-h1"
        ],
        "title": "Sign",
        "text": "Is this slope positive?",
        "variabilization": {},
        "oer": "https://OATutor.io <OATutor>",
        "license": "https://creativecommons.org/licenses/by/4.0/ <CC BY 4.0>",
        "choices": [
            "Yes",
            "No"
        ],
        "speech": "Is this slope positive?",
        "math": [
            ""
        ],
        "pacedSpeech": [
            "Is this slope positive?"
        ]
    },
    {
        "id": "a833c22linear8a-s2",
        "type": "scaffold",
        "problemType": "MultipleChoice",
        "answerType": "string",
        "hintAnswer": [
            "Yes"
        ],
        "dependencies": [
            "a833c22linear8a-s1"
        ],
        "title": "Meaning",
        "text": "Does this mean it is increasing?",
        "variabilization": {},
        "oer": "https://OATutor.io <OATutor>",
        "license": "https://creativecommons.org/licenses/by/4.0/ <CC BY 4.0>",
        "choices": [
            "Yes",
            "No"
        ],
        "speech": "Does this mean it is increasing?",
        "math": [
            ""
        ],
        "pacedSpeech": [
            "Does this mean it is increasing?"
        ]
    }
]