[
    {
        "id": "ab8b840systemeq2a-h1",
        "type": "hint",
        "dependencies": [],
        "title": "Rewriting the equations",
        "text": "The first step is to multiply the equation(s) by a number so that the coefficients of at least one of the variables is the same. This will make the equation easier to solve. Make sure you multiply all the terms in the equation by the same number.",
        "variabilization": {},
        "oer": "https://OATutor.io <OATutor>",
        "license": "https://creativecommons.org/licenses/by/4.0/ <CC BY 4.0>",
        "speech": "The first step is to multiply the equation(s) by a number so that the coefficients of at least one of the variables is the same. This will make the equation easier to solve. Make sure you multiply all the terms in the equation by the same number.",
        "math": [
            ""
        ],
        "pacedSpeech": [
            "The first step is to multiply the equation(s) by a number so that the coefficients of at least one of the variables is the same. This will make the equation easier to solve. Make sure you multiply all the terms in the equation by the same number."
        ]
    },
    {
        "id": "ab8b840systemeq2a-h2",
        "type": "scaffold",
        "problemType": "TextBox",
        "answerType": "arithmetic",
        "hintAnswer": [
            "$$30$$"
        ],
        "dependencies": [
            "ab8b840systemeq2a-h1"
        ],
        "title": "Finding the common denominator",
        "text": "What is $$10\\times3$$?",
        "variabilization": {},
        "oer": "https://OATutor.io <OATutor>",
        "license": "https://creativecommons.org/licenses/by/4.0/ <CC BY 4.0>",
        "speech": "What is  10 times 3 ?",
        "math": [
            "$$10\\times3$$"
        ],
        "pacedSpeech": [
            "What is   10 times 3"
        ]
    },
    {
        "id": "ab8b840systemeq2a-h3",
        "type": "hint",
        "dependencies": [
            "ab8b840systemeq2a-h2"
        ],
        "title": "Using substitution",
        "text": "The next step is to rewrite one of the equations in terms of one of the variables and plug it into the other equation.",
        "variabilization": {},
        "oer": "https://OATutor.io <OATutor>",
        "license": "https://creativecommons.org/licenses/by/4.0/ <CC BY 4.0>",
        "speech": "The next step is to rewrite one of the equations in terms of one of the variables and plug it into the other equation.",
        "math": [
            ""
        ],
        "pacedSpeech": [
            "The next step is to rewrite one of the equations in terms of one of the variables and plug it into the other equation."
        ]
    },
    {
        "id": "ab8b840systemeq2a-h4",
        "type": "hint",
        "dependencies": [
            "ab8b840systemeq2a-h3"
        ],
        "title": "Definition of inconsistent systems of equations",
        "text": "An inconsistent system of equations consists of parallel lines that never intersect. Algebraically, that means that the system of equation will result in a false equality.",
        "variabilization": {},
        "oer": "https://OATutor.io <OATutor>",
        "license": "https://creativecommons.org/licenses/by/4.0/ <CC BY 4.0>",
        "speech": "An inconsistent system of equations consists of parallel lines that never intersect. Algebraically, that means that the system of equation will result in a false equality.",
        "math": [
            ""
        ],
        "pacedSpeech": [
            "An inconsistent system of equations consists of parallel lines that never intersect. Algebraically, that means that the system of equation will result in a false equality."
        ]
    }
]