{
    "id": "aabf119factor21a",
    "stepAnswer": [
        "$$\\left(12t+13\\right) \\left(t-1\\right)$$"
    ],
    "problemType": "MultipleChoice",
    "stepTitle": "$$12t^2+t-13$$",
    "stepBody": "",
    "answerType": "string",
    "variabilization": {},
    "answerLatex": "$$\\left(12t+13\\right) \\left(t-1\\right)$$",
    "choices": [
        "$$(12t-13)(t-1)$$",
        "$$\\left(12t+13\\right) \\left(t+1\\right)$$",
        "$$\\left(12t+1\\right) \\left(t-13\\right)$$",
        "$$\\left(12t+13\\right) \\left(t-1\\right)$$"
    ]
}