[
    {
        "id": "aabf119factor19a-h1",
        "type": "hint",
        "dependencies": [],
        "title": "Split the expression.",
        "text": "Split $$-9h$$ to $$-15h$$ and $$6h$$.",
        "variabilization": {},
        "oer": "",
        "license": "",
        "speech": "Split  minus 9 h  to  negative 15 h,  and  6 h .",
        "math": [
            "$$-9h$$",
            "$$-15h$$",
            "$$6h$$"
        ],
        "pacedSpeech": [
            "Split   minus 9 h ",
            " to   negative 15 h, ",
            " and   6 h"
        ]
    },
    {
        "id": "aabf119factor19a-h2",
        "type": "scaffold",
        "problemType": "TextBox",
        "answerType": "arithmetic",
        "hintAnswer": [
            "5h(2h - 3)"
        ],
        "dependencies": [
            "aabf119factor19a-h1"
        ],
        "title": "Factor the expression.",
        "text": "What is the factoring of $$10h^2 - 15h$$?",
        "variabilization": {},
        "oer": "",
        "license": "",
        "speech": "What is the factoring of , 10 h squared,  minus  15 h ?",
        "math": [
            "$$10h^2 -15h$$"
        ],
        "pacedSpeech": [
            "What is the factoring of  , 10 h squared,  minus  15 h "
        ]
    },
    {
        "id": "aabf119factor19a-h3",
        "type": "scaffold",
        "problemType": "TextBox",
        "answerType": "arithmetic",
        "hintAnswer": [
            "$$3(2h-3)$$"
        ],
        "dependencies": [
            "aabf119factor19a-h2"
        ],
        "title": "Factor the expression.",
        "text": "What is the factoring of $$6h- 9$$?",
        "variabilization": {},
        "oer": "",
        "license": "",
        "speech": "What is the factoring of  6 h  minus 9?",
        "math": [
            "$$6h - 9$$"
        ],
        "pacedSpeech": [
            "What is the factoring of   6 h minus 9"
        ]
    },
    {
        "id": "aabf119factor19a-h4",
        "type": "scaffold",
        "problemType": "TextBox",
        "answerType": "arithmetic",
        "hintAnswer": [
            "$$\\left(5h+3\\right) \\left(2h-3\\right)$$"
        ],
        "dependencies": [
            "aabf119factor19a-h3"
        ],
        "title": "Factor the expression.",
        "text": "Factor out the common term of both $$(2h-3)$$.",
        "variabilization": {},
        "oer": "",
        "license": "",
        "speech": "Factor out the common term of both  times, parentheses, 2 h minus 3,  .",
        "math": [
            "$$(2h-3)$$"
        ],
        "pacedSpeech": [
            "Factor out the common term of both   times, , 2 h minus 3,"
        ]
    }
]