[
    {
        "id": "af227bbMoApp6a-h1",
        "type": "hint",
        "dependencies": [],
        "title": "Identify known quantities",
        "text": "The known quantities are $$20$$ and $$0.05$$.",
        "variabilization": {},
        "oer": "https://OATutor.io <OATutor>",
        "license": "https://creativecommons.org/licenses/by/4.0/ <CC BY 4.0>",
        "speech": "The known quantities are  20  and  0.05, .",
        "math": [
            "$$20$$",
            "$$0.05$$"
        ],
        "pacedSpeech": [
            "The known quantities are   20 ",
            " and   0.05,"
        ]
    },
    {
        "id": "af227bbMoApp6a-h2",
        "type": "hint",
        "dependencies": [
            "af227bbMoApp6a-h1"
        ],
        "title": "Determine unknown quantities",
        "text": "The unknown quantity is the talk-time, which has been made $$x$$.",
        "variabilization": {},
        "oer": "https://OATutor.io <OATutor>",
        "license": "https://creativecommons.org/licenses/by/4.0/ <CC BY 4.0>",
        "speech": "The unknown quantity is the talk-time, which has been made  x .",
        "math": [
            "$$x$$"
        ],
        "pacedSpeech": [
            "The unknown quantity is the talk-time, which has been made   x"
        ]
    },
    {
        "id": "af227bbMoApp6a-h3",
        "type": "scaffold",
        "problemType": "TextBox",
        "answerType": "arithmetic",
        "hintAnswer": [
            "$$0.05x$$"
        ],
        "dependencies": [
            "af227bbMoApp6a-h2"
        ],
        "title": "Fees charged for calls",
        "text": "What is the fees charged for calls when calling $$x$$ minutes for a month?",
        "variabilization": {},
        "oer": "https://OATutor.io <OATutor>",
        "license": "https://creativecommons.org/licenses/by/4.0/ <CC BY 4.0>",
        "speech": "What is the fees charged for calls when calling x  minutes for a month?",
        "math": [
            "$$x$$"
        ],
        "pacedSpeech": [
            "What is the fees charged for calls when calling  x ",
            " minutes for a month?"
        ]
    },
    {
        "id": "af227bbMoApp6a-h4",
        "type": "scaffold",
        "problemType": "TextBox",
        "answerType": "arithmetic",
        "hintAnswer": [
            "$$0.05x+20$$"
        ],
        "dependencies": [
            "af227bbMoApp6a-h3"
        ],
        "title": "Total cost of this plan",
        "text": "What is the total cost of a monthly fee and fees charged for calls?",
        "variabilization": {},
        "oer": "https://OATutor.io <OATutor>",
        "license": "https://creativecommons.org/licenses/by/4.0/ <CC BY 4.0>",
        "speech": "What is the total cost of a monthly fee and fees charged for calls?",
        "math": [
            ""
        ],
        "pacedSpeech": [
            "What is the total cost of a monthly fee and fees charged for calls?"
        ]
    }
]