[
    {
        "id": "ad37b31probability1a-h1",
        "type": "hint",
        "dependencies": [],
        "title": "Rolling an odd number",
        "text": "There are $$3$$ separate ways to roll an odd number. Either you roll a $$1$$, $$3$$, or $$5$$.",
        "variabilization": {},
        "oer": "https://OATutor.io <OATutor>",
        "license": "https://creativecommons.org/licenses/by/4.0/ <CC BY 4.0>",
        "speech": "There are , 3  separate ways to roll an odd number. Either you roll a  1 ,  3 , or  5 .",
        "math": [
            "$$3$$",
            "$$1$$",
            "$$3$$",
            "$$5$$"
        ],
        "pacedSpeech": [
            "There are  , 3 ",
            " separate ways to roll an odd number. Either you roll a   1 ",
            ",   3 ",
            ", or   5"
        ]
    },
    {
        "id": "ad37b31probability1a-h2",
        "type": "hint",
        "dependencies": [
            "ad37b31probability1a-h1"
        ],
        "title": "Total possible outcomes",
        "text": "There are a total of $$6$$ possible outcomes when rolling a 6-sided cube. Either you roll a $$1$$, $$2$$, $$3$$, $$4$$, $$5$$ or $$6$$.",
        "variabilization": {},
        "oer": "https://OATutor.io <OATutor>",
        "license": "https://creativecommons.org/licenses/by/4.0/ <CC BY 4.0>",
        "speech": "There are a total of  6  possible outcomes when rolling a 6-sided cube. Either you roll a  1 ,  2 ,  3 ,  4 ,  5  or  6 .",
        "math": [
            "$$6$$",
            "$$1$$",
            "$$2$$",
            "$$3$$",
            "$$4$$",
            "$$5$$",
            "$$6$$"
        ],
        "pacedSpeech": [
            "There are a total of   6 ",
            " possible outcomes when rolling a 6-sided cube. Either you roll a   1 ",
            ",   2 ",
            ",   3 ",
            ",   4 ",
            ",   5 ",
            " or   6"
        ]
    },
    {
        "id": "ad37b31probability1a-h3",
        "type": "hint",
        "dependencies": [
            "ad37b31probability1a-h2"
        ],
        "title": "Divide",
        "text": "Divide the number of outcomes for rolling an odd number by the total number of outcomes for your answer",
        "variabilization": {},
        "oer": "https://OATutor.io <OATutor>",
        "license": "https://creativecommons.org/licenses/by/4.0/ <CC BY 4.0>",
        "speech": "Divide the number of outcomes for rolling an odd number by the total number of outcomes for your answer",
        "math": [
            ""
        ],
        "pacedSpeech": [
            "Divide the number of outcomes for rolling an odd number by the total number of outcomes for your answer"
        ]
    }
]