[
    {
        "id": "ab8b840systems7a-h1",
        "type": "scaffold",
        "problemType": "MultipleChoice",
        "answerType": "string",
        "hintAnswer": [
            "substitution method"
        ],
        "dependencies": [],
        "title": "Determining the Method",
        "text": "Because one equation is already solved for $$x$$, which method should you use to solve the system?",
        "variabilization": {},
        "oer": "https://OATutor.io <OATutor>",
        "license": "https://creativecommons.org/licenses/by/4.0/ <CC BY 4.0>",
        "choices": [
            "substitution method",
            "subtraction method"
        ],
        "speech": "Because one equation is already solved for  x , which method should you use to solve the system?",
        "math": [
            "$$x$$"
        ],
        "pacedSpeech": [
            "Because one equation is already solved for   x ",
            ", which method should you use to solve the system?"
        ]
    },
    {
        "id": "ab8b840systems7a-h2",
        "type": "hint",
        "dependencies": [
            "ab8b840systems7a-h1"
        ],
        "title": "Substitution",
        "text": "Substitute the first equation into the second one.",
        "variabilization": {},
        "oer": "https://OATutor.io <OATutor>",
        "license": "https://creativecommons.org/licenses/by/4.0/ <CC BY 4.0>",
        "speech": "Substitute the first equation into the second one.",
        "math": [
            ""
        ],
        "pacedSpeech": [
            "Substitute the first equation into the second one."
        ]
    },
    {
        "id": "ab8b840systems7a-h3",
        "type": "scaffold",
        "problemType": "TextBox",
        "answerType": "arithmetic",
        "hintAnswer": [
            "$$9$$"
        ],
        "dependencies": [
            "ab8b840systems7a-h2"
        ],
        "title": "Substitution",
        "text": "What does $$9-2y+2y$$ equal?",
        "variabilization": {},
        "oer": "https://OATutor.io <OATutor>",
        "license": "https://creativecommons.org/licenses/by/4.0/ <CC BY 4.0>",
        "speech": "What does , 9 minus 2 y plus 2 y  equal?",
        "math": [
            "$$9-2y+2y$$"
        ],
        "pacedSpeech": [
            "What does  , 9 minus 2 y plus 2 y ",
            " equal?"
        ]
    },
    {
        "id": "ab8b840systems7a-h4",
        "type": "hint",
        "dependencies": [
            "ab8b840systems7a-h3"
        ],
        "title": "No Solution Equations",
        "text": "Clearly, this statement is a contradiction because $$9 \\neq 13$$. Therefore, the system has no solution.",
        "variabilization": {},
        "oer": "https://OATutor.io <OATutor>",
        "license": "https://creativecommons.org/licenses/by/4.0/ <CC BY 4.0>",
        "speech": "Clearly, this statement is a contradiction because , 9 is not equal to 13, . Therefore, the system has no solution.",
        "math": [
            "$$9 \\neq 13$$"
        ],
        "pacedSpeech": [
            "Clearly, this statement is a contradiction because  , 9 is not equal to 13, ",
            ". Therefore, the system has no solution."
        ]
    },
    {
        "id": "ab8b840systems7a-h5",
        "type": "hint",
        "dependencies": [
            "ab8b840systems7a-h4"
        ],
        "title": "Slope-Intercept Form",
        "text": "We can take a different approach to this problem. Manipulate the equations so that they are both in slope-intercept form. $$y=mx+b$$",
        "variabilization": {},
        "oer": "https://OATutor.io <OATutor>",
        "license": "https://creativecommons.org/licenses/by/4.0/ <CC BY 4.0>",
        "speech": "We can take a different approach to this problem. Manipulate the equations so that they are both in slope-intercept form. , y is equal to, m x plus b",
        "math": [
            "$$y=mx+b$$"
        ],
        "pacedSpeech": [
            "We can take a different approach to this problem. Manipulate the equations so that they are both in slope-intercept form.  , y is equal to, m x plus b"
        ]
    },
    {
        "id": "ab8b840systems7a-h6",
        "type": "hint",
        "dependencies": [
            "ab8b840systems7a-h5"
        ],
        "title": "Slope-Intercept Form",
        "text": "Isolate the $$y-variable$$ in the first equation to find the slope-intercept form.",
        "variabilization": {},
        "oer": "https://OATutor.io <OATutor>",
        "license": "https://creativecommons.org/licenses/by/4.0/ <CC BY 4.0>",
        "speech": "Isolate the , y  variable,  in the first equation to find the slope-intercept form.",
        "math": [
            "$$y-variable$$"
        ],
        "pacedSpeech": [
            "Isolate the  , y  variable, ",
            " in the first equation to find the slope-intercept form."
        ]
    },
    {
        "id": "ab8b840systems7a-h7",
        "type": "scaffold",
        "problemType": "TextBox",
        "answerType": "arithmetic",
        "hintAnswer": [
            "$$\\left(-\\frac{1}{2}\\right) x+\\frac{9}{2}$$"
        ],
        "dependencies": [
            "ab8b840systems7a-h6"
        ],
        "title": "Slope-Intercept Form",
        "text": "What does $$y$$ equal when you manipulate the first equation?",
        "variabilization": {},
        "oer": "https://OATutor.io <OATutor>",
        "license": "https://creativecommons.org/licenses/by/4.0/ <CC BY 4.0>",
        "speech": "What does  y  equal when you manipulate the first equation?",
        "math": [
            "$$y$$"
        ],
        "pacedSpeech": [
            "What does   y ",
            " equal when you manipulate the first equation?"
        ]
    },
    {
        "id": "ab8b840systems7a-h8",
        "type": "hint",
        "dependencies": [
            "ab8b840systems7a-h7"
        ],
        "title": "Slope-Intercept Form",
        "text": "Isolate the $$y-variable$$ in the second equation to find the slope-intercept form.",
        "variabilization": {},
        "oer": "https://OATutor.io <OATutor>",
        "license": "https://creativecommons.org/licenses/by/4.0/ <CC BY 4.0>",
        "speech": "Isolate the , y variable,  in the second equation to find the slope-intercept form.",
        "math": [
            "$$y-variable$$"
        ],
        "pacedSpeech": [
            "Isolate the  , y variable, ",
            " in the second equation to find the slope-intercept form."
        ]
    },
    {
        "id": "ab8b840systems7a-h9",
        "type": "scaffold",
        "problemType": "TextBox",
        "answerType": "arithmetic",
        "hintAnswer": [
            "$$\\left(-\\frac{1}{2}\\right) x+\\frac{13}{2}$$"
        ],
        "dependencies": [
            "ab8b840systems7a-h8"
        ],
        "title": "Slope-Intercept Form",
        "text": "What does $$y$$ equal when you manipulate the second equation?",
        "variabilization": {},
        "oer": "https://OATutor.io <OATutor>",
        "license": "https://creativecommons.org/licenses/by/4.0/ <CC BY 4.0>",
        "speech": "What does  y  equal when you manipulate the second equation?",
        "math": [
            "$$y$$"
        ],
        "pacedSpeech": [
            "What does   y ",
            " equal when you manipulate the second equation?"
        ]
    },
    {
        "id": "ab8b840systems7a-h10",
        "type": "scaffold",
        "problemType": "TextBox",
        "answerType": "arithmetic",
        "hintAnswer": [
            "$$\\frac{-1}{2}$$"
        ],
        "dependencies": [
            "ab8b840systems7a-h9"
        ],
        "title": "Slope-Intercept Form",
        "text": "What is the value of the slope for both equations?",
        "variabilization": {},
        "oer": "https://OATutor.io <OATutor>",
        "license": "https://creativecommons.org/licenses/by/4.0/ <CC BY 4.0>",
        "speech": "What is the value of the slope for both equations?",
        "math": [
            ""
        ],
        "pacedSpeech": [
            "What is the value of the slope for both equations?"
        ]
    },
    {
        "id": "ab8b840systems7a-h11",
        "type": "hint",
        "dependencies": [
            "ab8b840systems7a-h10"
        ],
        "title": "Slope-Intercept Form",
        "text": "Comparing the equations, we see that they have the same slope but different y-intercepts. Therefore, the lines are parallel and do not intersect.",
        "variabilization": {},
        "oer": "https://OATutor.io <OATutor>",
        "license": "https://creativecommons.org/licenses/by/4.0/ <CC BY 4.0>",
        "speech": "Comparing the equations, we see that they have the same slope but different y-intercepts. Therefore, the lines are parallel and do not intersect.",
        "math": [
            ""
        ],
        "pacedSpeech": [
            "Comparing the equations, we see that they have the same slope but different y-intercepts. Therefore, the lines are parallel and do not intersect."
        ]
    }
]