[
    {
        "id": "af227bbMoApp3b-h1",
        "type": "hint",
        "dependencies": [],
        "title": "Identify known quantities",
        "text": "The known quantities are $$40$$ and $$0.04$$.",
        "variabilization": {},
        "oer": "https://OATutor.io <OATutor>",
        "license": "https://creativecommons.org/licenses/by/4.0/ <CC BY 4.0>",
        "speech": "The known quantities are  40  and  0.04 .",
        "math": [
            "$$40$$",
            "$$0.04$$"
        ],
        "pacedSpeech": [
            "The known quantities are   40 ",
            " and   0.04"
        ]
    },
    {
        "id": "af227bbMoApp3b-h2",
        "type": "hint",
        "dependencies": [
            "af227bbMoApp3b-h1"
        ],
        "title": "Determine unknown quantities",
        "text": "The unknown quantity in this problem is the talk-time.",
        "variabilization": {},
        "oer": "https://OATutor.io <OATutor>",
        "license": "https://creativecommons.org/licenses/by/4.0/ <CC BY 4.0>",
        "speech": "The unknown quantity in this problem is the talk-time.",
        "math": [
            ""
        ],
        "pacedSpeech": [
            "The unknown quantity in this problem is the talk-time."
        ]
    },
    {
        "id": "af227bbMoApp3b-h3",
        "type": "hint",
        "dependencies": [
            "af227bbMoApp3b-h2"
        ],
        "title": "Assign a variable",
        "text": "Let $$x$$ equal the talk-time.",
        "variabilization": {},
        "oer": "https://OATutor.io <OATutor>",
        "license": "https://creativecommons.org/licenses/by/4.0/ <CC BY 4.0>",
        "speech": "Let  x  equal the talk-time.",
        "math": [
            "$$x$$"
        ],
        "pacedSpeech": [
            "Let   x ",
            " equal the talk-time."
        ]
    },
    {
        "id": "af227bbMoApp3b-h4",
        "type": "scaffold",
        "problemType": "TextBox",
        "answerType": "arithmetic",
        "hintAnswer": [
            "$$0.04x+40$$"
        ],
        "dependencies": [
            "af227bbMoApp3b-h3"
        ],
        "title": "Translation to Math Operations",
        "text": "What is the mathematical form of \"a monthly service fee of $$ \\$40 + \\$.04/min$$ talk-time\"?",
        "variabilization": {},
        "oer": "https://OATutor.io <OATutor>",
        "license": "https://creativecommons.org/licenses/by/4.0/ <CC BY 4.0>",
        "speech": "What is the mathematical form of \"a monthly service fee of $40 plus $.04/min talk-time\"?",
        "math": [
            "$$ \\$40 plus \\$.04/min $$"
        ],
        "pacedSpeech": [
            "What is the mathematical form of \"a monthly service fee of $40 plus $.04/min talk-time\"?"
        ]
    }
]