{
    "id": "a7ea646graph3a",
    "stepAnswer": [
        "$$x-intercept(s)$$: $$(2,0)$$, (-3/2, 0); $$y-intercept(s)$$: $$(0,12)$$"
    ],
    "problemType": "MultipleChoice",
    "stepTitle": "$$g(x)={\\left(x-2\\right)}^2 \\left(2x+3\\right)$$",
    "stepBody": "",
    "answerType": "string",
    "variabilization": {},
    "answerLatex": "$$x-intercept(s)$$: $$(2,0)$$, (-3/2, 0); $$y-intercept(s)$$: $$(0,12)$$",
    "choices": [
        "$$x-intercept(s)$$: $$(2,0)$$, (-3/2, 0); $$y-intercept(s)$$: $$(0,12)$$",
        "$$x-intercept(s)$$: $$(2,0)$$, $$(3,0);$$ $$y-intercept(s)$$: $$(0,10)$$",
        "$$x-intercept(s)$$: $$(\\frac{-2}{3},0)$$, $$(3,0);$$ $$y-intercept(s)$$: $$(0,12)$$"
    ]
}