{
    "id": "a7ea646graph4a",
    "stepAnswer": [
        "$$(-3,0)$$, $$(-2,0)$$, $$(1,0)$$"
    ],
    "problemType": "MultipleChoice",
    "stepTitle": "$$h(x)=x^3+4x^2+x-6$$",
    "stepBody": "##figure1.gif## ",
    "answerType": "string",
    "variabilization": {},
    "answerLatex": "$$(-3,0)$$, $$(-2,0)$$, $$(1,0)$$",
    "choices": [
        "$$(3,0)$$, $$(-2,0)$$, $$(1,0)$$",
        "$$(-4,0)$$, $$(-3,0)$$, $$(2,0)$$",
        "$$(-3,0)$$, $$(-2,0)$$, $$(1,0)$$"
    ]
}