[
    {
        "id": "a0351f0theparabola22a-h1",
        "type": "hint",
        "dependencies": [],
        "title": "Finding The Characteristics",
        "text": "Since this parabola is already in standard form, we know that the vertex is $$(-4,-4)$$ and $$p=4$$. This means that the focus is $$(-4,0)$$ and that the directrix is $$x=-8$$",
        "variabilization": {},
        "oer": "https://OATutor.io <OATutor>",
        "license": "https://creativecommons.org/licenses/by/4.0/ <CC BY 4.0>",
        "speech": "Since this parabola is already in standard form, we know that the vertex is  times, parentheses, negative 4 comma negative 4,   and  p is equal to 4 . This means that the focus is , parentheses, negative 4 comma 0,   and that the directrix is  x is equal to negative 8",
        "math": [
            "$$(-4,-4)$$",
            "$$p=4$$",
            "$$(-4,0)$$",
            "$$x=-8$$"
        ],
        "pacedSpeech": [
            "Since this parabola is already in standard form, we know that the vertex is   times, , negative 4 comma negative 4,  ",
            " and   p is equal to 4 ",
            ". This means that the focus is  , , negative 4 comma 0,  ",
            " and that the directrix is   x is equal to negative 8"
        ]
    }
]