[
    {
        "id": "a833c22linear20c-h1",
        "type": "hint",
        "dependencies": [],
        "title": "Rewrite",
        "text": "Let's try to rewrite this in equation form. We can make our variable $$x$$ where $$x$$ $$=$$ the number of days",
        "variabilization": {},
        "oer": "https://OATutor.io <OATutor>",
        "license": "https://creativecommons.org/licenses/by/4.0/ <CC BY 4.0>",
        "speech": "Let's try to rewrite this in equation form. We can make our variable , x  where  x  , is equal to  the number of days",
        "math": [
            "$$x$$",
            "$$x$$",
            "$$=$$"
        ],
        "pacedSpeech": [
            "Let's try to rewrite this in equation form. We can make our variable  , x ",
            " where   x ",
            "  , is equal to ",
            " the number of days"
        ]
    },
    {
        "id": "a833c22linear20c-h2",
        "type": "hint",
        "dependencies": [
            "a833c22linear20c-h1"
        ],
        "title": "Rewrite",
        "text": "We can rewrite it to be $$f(x) = 50$$ because the number of days does not affect the price",
        "variabilization": {},
        "oer": "https://OATutor.io <OATutor>",
        "license": "https://creativecommons.org/licenses/by/4.0/ <CC BY 4.0>",
        "speech": "We can rewrite it to be f of x , is equal to   50  because the number of days does not affect the price",
        "math": [
            "$$f(x) = 50$$"
        ],
        "pacedSpeech": [
            "We can rewrite it to be f of x  , is equal to 50 ",
            " because the number of days does not affect the price"
        ]
    },
    {
        "id": "a833c22linear20c-h3",
        "type": "scaffold",
        "problemType": "MultipleChoice",
        "answerType": "string",
        "hintAnswer": [
            "constant"
        ],
        "dependencies": [
            "a833c22linear20c-h2"
        ],
        "title": "Checking for if function is increasing, decreasing, or constant.",
        "text": "To see if our function is increasing, decreasing, or constant, we have to check the slope. Is the slope positive, constant, or negative?",
        "variabilization": {},
        "oer": "https://OATutor.io <OATutor>",
        "license": "https://creativecommons.org/licenses/by/4.0/ <CC BY 4.0>",
        "choices": [
            "positive",
            "constant",
            "negative"
        ],
        "speech": "To see if our function is increasing, decreasing, or constant, we have to check the slope. Is the slope positive, constant, or negative?",
        "math": [
            ""
        ],
        "pacedSpeech": [
            "To see if our function is increasing, decreasing, or constant, we have to check the slope. Is the slope positive, constant, or negative?"
        ]
    },
    {
        "id": "a833c22linear20c-h4",
        "type": "hint",
        "dependencies": [
            "a833c22linear20c-h3"
        ],
        "title": "Checking for if function is increasing, decreasing, or constant.",
        "text": "We see that our slope is $$0$$, which means our function is constant.",
        "variabilization": {},
        "oer": "https://OATutor.io <OATutor>",
        "license": "https://creativecommons.org/licenses/by/4.0/ <CC BY 4.0>",
        "speech": "We see that our slope is  0 , which means our function is constant.",
        "math": [
            "$$0$$"
        ],
        "pacedSpeech": [
            "We see that our slope is   0 ",
            ", which means our function is constant."
        ]
    }
]