[
    {
        "id": "ab8b840systems12a-h1",
        "type": "hint",
        "dependencies": [],
        "title": "Rewriting equations",
        "text": "The first step is to rewrite one of the equations in terms of one of the variables. For example, write $$x+3y=5$$ in terms of $$y$$.",
        "variabilization": {},
        "oer": "https://OATutor.io <OATutor>",
        "license": "https://creativecommons.org/licenses/by/4.0/ <CC BY 4.0>",
        "speech": "The first step is to rewrite one of the equations in terms of one of the variables. For example, write  x plus 3 y, is equal to 5  in terms of  y .",
        "math": [
            "$$x+3y=5$$",
            "$$y$$"
        ],
        "pacedSpeech": [
            "The first step is to rewrite one of the equations in terms of one of the variables. For example, write   x plus 3 y, is equal to 5 ",
            " in terms of   y"
        ]
    },
    {
        "id": "ab8b840systems12a-h2",
        "type": "scaffold",
        "problemType": "TextBox",
        "answerType": "arithmetic",
        "hintAnswer": [
            "$$x=-3y+5$$"
        ],
        "dependencies": [
            "ab8b840systems12a-h1"
        ],
        "title": "Rewriting equations",
        "text": "Write the first equation in terms of $$y$$. What is the equation?",
        "variabilization": {},
        "oer": "https://OATutor.io <OATutor>",
        "license": "https://creativecommons.org/licenses/by/4.0/ <CC BY 4.0>",
        "speech": "Write the first equation in terms of  y . What is the equation?",
        "math": [
            "$$y$$"
        ],
        "pacedSpeech": [
            "Write the first equation in terms of   y ",
            ". What is the equation?"
        ]
    },
    {
        "id": "ab8b840systems12a-h3",
        "type": "hint",
        "dependencies": [
            "ab8b840systems12a-h2"
        ],
        "title": "Substitute",
        "text": "Next, substitute the first equation into the second. Use the x-value you found in the previous hint, and simplify until you find the value of $$y$$.",
        "variabilization": {},
        "oer": "https://OATutor.io <OATutor>",
        "license": "https://creativecommons.org/licenses/by/4.0/ <CC BY 4.0>",
        "speech": "Next, substitute the first equation into the second. Use the x-value you found in the previous hint, and simplify until you find the value of  y .",
        "math": [
            "$$y$$"
        ],
        "pacedSpeech": [
            "Next, substitute the first equation into the second. Use the x-value you found in the previous hint, and simplify until you find the value of   y"
        ]
    },
    {
        "id": "ab8b840systems12a-h4",
        "type": "scaffold",
        "problemType": "TextBox",
        "answerType": "arithmetic",
        "hintAnswer": [
            "$$2$$"
        ],
        "dependencies": [
            "ab8b840systems12a-h3"
        ],
        "title": "Substitute",
        "text": "What is the value of $$y$$ after you substitute the first equation into the second?",
        "variabilization": {},
        "oer": "https://OATutor.io <OATutor>",
        "license": "https://creativecommons.org/licenses/by/4.0/ <CC BY 4.0>",
        "speech": "What is the value of  y  after you substitute the first equation into the second?",
        "math": [
            "$$y$$"
        ],
        "pacedSpeech": [
            "What is the value of   y ",
            " after you substitute the first equation into the second?"
        ]
    },
    {
        "id": "ab8b840systems12a-h5",
        "type": "hint",
        "dependencies": [
            "ab8b840systems12a-h4"
        ],
        "title": "Substitute",
        "text": "Next, substitute the value of $$y$$ that you now know into either or the original equations. Solve for $$x$$.",
        "variabilization": {},
        "oer": "https://OATutor.io <OATutor>",
        "license": "https://creativecommons.org/licenses/by/4.0/ <CC BY 4.0>",
        "speech": "Next, substitute the value of  y  that you now know into either or the original equations. Solve for  x, .",
        "math": [
            "$$y$$",
            "$$x$$"
        ],
        "pacedSpeech": [
            "Next, substitute the value of   y ",
            " that you now know into either or the original equations. Solve for   x,"
        ]
    },
    {
        "id": "ab8b840systems12a-h6",
        "type": "scaffold",
        "problemType": "TextBox",
        "answerType": "arithmetic",
        "hintAnswer": [
            "$$-1$$"
        ],
        "dependencies": [
            "ab8b840systems12a-h5"
        ],
        "title": "Substitute",
        "text": "What is the value of $$x$$ when you substitute $$y$$ into either of the original equations?",
        "variabilization": {},
        "oer": "https://OATutor.io <OATutor>",
        "license": "https://creativecommons.org/licenses/by/4.0/ <CC BY 4.0>",
        "speech": "What is the value of  x  when you substitute  y,  into either of the original equations?",
        "math": [
            "$$x$$",
            "$$y$$"
        ],
        "pacedSpeech": [
            "What is the value of   x ",
            " when you substitute   y, ",
            " into either of the original equations?"
        ]
    },
    {
        "id": "ab8b840systems12a-h7",
        "type": "hint",
        "dependencies": [
            "ab8b840systems12a-h6"
        ],
        "title": "Interpret",
        "text": "Knowing that $$x=-1$$ and $$y=2$$, we can finalize our answer to be $$(-1,2)$$",
        "variabilization": {},
        "oer": "https://OATutor.io <OATutor>",
        "license": "https://creativecommons.org/licenses/by/4.0/ <CC BY 4.0>",
        "speech": "Knowing that  x is equal to, negative 1  and  y, is equal to 2 , we can finalize our answer to be , parentheses, negative 1 comma 2,",
        "math": [
            "$$x=-1$$",
            "$$y=2$$",
            "$$(-1,2)$$"
        ],
        "pacedSpeech": [
            "Knowing that   x is equal to, negative 1 ",
            " and   y, is equal to 2 ",
            ", we can finalize our answer to be  , , negative 1 comma 2,"
        ]
    }
]