{
    "id": "af227bbMoApp5c",
    "stepAnswer": [
        "$$15$$ $$7$$"
    ],
    "problemType": "MultipleChoice",
    "stepTitle": "Ben originally filled out $$8$$ more applications than Henry. Then each boy filled out $$3$$ additional applications, bringing the total to $$28$$. How many applications did each boy originally fill out?",
    "stepBody": "",
    "answerType": "string",
    "variabilization": {},
    "answerLatex": "$$15$$ $$7$$",
    "choices": [
        "$$15$$ $$8$$",
        "$$16$$ $$9$$",
        "$$15$$ $$7$$",
        "$$14$$ $$8$$"
    ]
}