[
    {
        "id": "ab8b840systems2a-h1",
        "type": "hint",
        "dependencies": [],
        "title": "Substitution",
        "text": "Substitute the ordered pair $$(8,5)$$ into the 1st equation.",
        "variabilization": {},
        "oer": "https://OATutor.io <OATutor>",
        "license": "https://creativecommons.org/licenses/by/4.0/ <CC BY 4.0>",
        "speech": "Substitute the ordered pair  times, parentheses 8 comma 5,   into the 1st equation.",
        "math": [
            "$$(8,5)$$"
        ],
        "pacedSpeech": [
            "Substitute the ordered pair   times,  8 comma 5,  ",
            " into the 1st equation."
        ]
    },
    {
        "id": "ab8b840systems2a-h2",
        "type": "scaffold",
        "problemType": "TextBox",
        "answerType": "arithmetic",
        "hintAnswer": [
            "$$20$$"
        ],
        "dependencies": [
            "ab8b840systems2a-h1"
        ],
        "title": "Substitution",
        "text": "What does $$5(8)-4(5)$$ equal?",
        "variabilization": {},
        "oer": "https://OATutor.io <OATutor>",
        "license": "https://creativecommons.org/licenses/by/4.0/ <CC BY 4.0>",
        "speech": "What does , 5 times 8 minus 4 times 5  equal?",
        "math": [
            "$$5(8)-4(5)$$"
        ],
        "pacedSpeech": [
            "What does  , 5 times 8 minus 4 times 5 ",
            " equal?"
        ]
    },
    {
        "id": "ab8b840systems2a-h3",
        "type": "scaffold",
        "problemType": "MultipleChoice",
        "answerType": "string",
        "hintAnswer": [
            "TRUE"
        ],
        "dependencies": [
            "ab8b840systems2a-h2"
        ],
        "title": "Substitution",
        "text": "Does $$20 = 20$$?",
        "variabilization": {},
        "oer": "https://OATutor.io <OATutor>",
        "license": "https://creativecommons.org/licenses/by/4.0/ <CC BY 4.0>",
        "choices": [
            "TRUE",
            "FALSE"
        ],
        "speech": "Does , 20   is equal to,  20?",
        "math": [
            "$$20 = 20$$"
        ],
        "pacedSpeech": [
            "Does , 20   is equal to,  20?"
        ]
    },
    {
        "id": "ab8b840systems2a-h4",
        "type": "hint",
        "dependencies": [
            "ab8b840systems2a-h3"
        ],
        "title": "Substitution",
        "text": "Substitute the ordered pair $$(8,5)$$ into 2nd equation.",
        "variabilization": {},
        "oer": "https://OATutor.io <OATutor>",
        "license": "https://creativecommons.org/licenses/by/4.0/ <CC BY 4.0>",
        "speech": "Substitute the ordered pair , parentheses 8 comma 5,   into 2nd equation.",
        "math": [
            "$$(8,5)$$"
        ],
        "pacedSpeech": [
            "Substitute the ordered pair  ,  8 comma 5,  ",
            " into 2nd equation."
        ]
    },
    {
        "id": "ab8b840systems2a-h5",
        "type": "scaffold",
        "problemType": "TextBox",
        "answerType": "arithmetic",
        "hintAnswer": [
            "$$17$$"
        ],
        "dependencies": [
            "ab8b840systems2a-h4"
        ],
        "title": "Substitution",
        "text": "What does $$2\\left(8\\right)+1$$ equal?",
        "variabilization": {},
        "oer": "https://OATutor.io <OATutor>",
        "license": "https://creativecommons.org/licenses/by/4.0/ <CC BY 4.0>",
        "speech": "What does , 2 times 8 plus 1  equal?",
        "math": [
            "$$2\\left(8\\right)+1$$"
        ],
        "pacedSpeech": [
            "What does  , 2 times 8 plus 1 ",
            " equal?"
        ]
    },
    {
        "id": "ab8b840systems2a-h6",
        "type": "scaffold",
        "problemType": "MultipleChoice",
        "answerType": "string",
        "hintAnswer": [
            "FALSE"
        ],
        "dependencies": [
            "ab8b840systems2a-h5"
        ],
        "title": "Substitution",
        "text": "Does $$3(5) = 17$$?",
        "variabilization": {},
        "oer": "https://OATutor.io <OATutor>",
        "license": "https://creativecommons.org/licenses/by/4.0/ <CC BY 4.0>",
        "choices": [
            "TRUE",
            "FALSE"
        ],
        "speech": "Does 3 times 5, is equal to 17?",
        "math": [
            "Does $$3(5) = 17$$"
        ],
        "pacedSpeech": [
            "3 times 5, is equal to 17"
        ]
    }
]