[
    {
        "id": "a5ccaf6logarithmsandlogistic5a-h1",
        "type": "hint",
        "dependencies": [],
        "title": "Identifying What Each Term Represents",
        "text": "$$x$$ represents the number of months that have passed, and $$P(x)$$ represents the number of koi in the pond at $$x$$ months.",
        "variabilization": {},
        "oer": "https://OATutor.io <OATutor>",
        "license": "https://creativecommons.org/licenses/by/4.0/ <CC BY 4.0>",
        "speech": "x  represents the number of months that have passed, and p of x represents the number of koi in the pond at  x,  months.",
        "math": [
            "$$x$$",
            "$$P(x)$$",
            "$$x$$"
        ],
        "pacedSpeech": [
            "x ",
            " represents the number of months that have passed, and p of x",
            "represents the number of koi in the pond at   x, ",
            " months."
        ]
    },
    {
        "id": "a5ccaf6logarithmsandlogistic5a-h2",
        "type": "hint",
        "dependencies": [
            "a5ccaf6logarithmsandlogistic5a-h1"
        ],
        "title": "Converting From Yeras to Months",
        "text": "A year has $$12$$ months, so one and a half years has $$12+6=18$$ months.",
        "variabilization": {},
        "oer": "https://OATutor.io <OATutor>",
        "license": "https://creativecommons.org/licenses/by/4.0/ <CC BY 4.0>",
        "speech": "A year has , 12  months, so one and a half years has  12, plus 6 is equal to 18  months.",
        "math": [
            "$$12$$",
            "$$12+6=18$$"
        ],
        "pacedSpeech": [
            "A year has  , 12 ",
            " months, so one and a half years has   12, plus 6 is equal to 18 ",
            " months."
        ]
    }
]