[
    {
        "id": "aa97d5brates5a-h1",
        "type": "hint",
        "dependencies": [],
        "title": "Graph",
        "text": "We start by graphing the function out using technology, and we get the following graph:\\n##figure1.gif##",
        "variabilization": {},
        "oer": "https://OATutor.io <OATutor>",
        "license": "https://creativecommons.org/licenses/by/4.0/ <CC BY 4.0>",
        "speech": "We start by graphing the function out using technology, and we get the following graph, see in text mode",
        "math": [
            ""
        ],
        "pacedSpeech": [
            "We start by graphing the function out using technology, and we get the following graph, see in text mode"
        ]
    },
    {
        "id": "aa97d5brates5a-h2",
        "type": "hint",
        "dependencies": [
            "aa97d5brates5a-h1"
        ],
        "title": "Local mimimum",
        "text": "A function f has a local minimum at $$x=b$$ if there exists an interval $$(a,c)$$ with $$a<b<c$$ such that, for any $$x$$ in the interval $$(a,c)$$, $$f(x) \\geq f(b)$$. In other words, a local minimum is a low point on the graph.",
        "variabilization": {},
        "oer": "https://OATutor.io <OATutor>",
        "license": "https://creativecommons.org/licenses/by/4.0/ <CC BY 4.0>",
        "speech": "A function f has a local minimum at  x is equal to b  if there exists an interval (a,c) with  a, is less than b is less than c  such that, for any  x  in the interval (a,c),  f of x is greater than or equal to, f of b . In other words, a local minimum is a low point on the graph.",
        "math": [
            "$$x=b$$",
            "$$(a,c)$$",
            "$$a<b<c$$",
            "$$x$$",
            " $$(a,c)$$",
            "$$f(x) \\geq f(b)$$"
        ],
        "pacedSpeech": [
            "A function f has a local minimum at   x is equal to b ",
            " if there exists an interval parentheses a comma c",
            "with   a, is less than b is less than c ",
            " such that, for any   x ",
            " in the interval  parentheses a comma c",
            "f of x is greater than or equal to, f of b ",
            ". In other words, a local minimum is a low point on the graph."
        ]
    },
    {
        "id": "aa97d5brates5a-h3",
        "type": "scaffold",
        "problemType": "MultipleChoice",
        "answerType": "string",
        "hintAnswer": [
            "$$(2,3)$$"
        ],
        "dependencies": [
            "aa97d5brates5a-h2"
        ],
        "title": "Local mimimum",
        "text": "In which interval is the low point of the graph located?",
        "variabilization": {},
        "oer": "https://OATutor.io <OATutor>",
        "license": "https://creativecommons.org/licenses/by/4.0/ <CC BY 4.0>",
        "choices": [
            "$$(-1,0)$$",
            "$$(0,1)$$",
            "$$(-3,-2)$$",
            "$$(2,3)$$"
        ],
        "speech": "In which interval is the low point of the graph located?",
        "math": [
            ""
        ],
        "pacedSpeech": [
            "In which interval is the low point of the graph located?"
        ]
    },
    {
        "id": "aa97d5brates5a-h4",
        "type": "hint",
        "dependencies": [
            "aa97d5brates5a-h3"
        ],
        "title": "Local Maximum",
        "text": "A function f has a local maximum at $$x=b$$ if there exists an interval $$(a,c)$$ with $$a<b<c$$ such that, for any $$x$$ in the interval $$(a,c)$$, $$f(x) \\leq f(b)$$. In other words, a local minimum is a high point on the graph.",
        "variabilization": {},
        "oer": "https://OATutor.io <OATutor>",
        "license": "https://creativecommons.org/licenses/by/4.0/ <CC BY 4.0>",
        "speech": "A function f has a local maximum at  x is equal to b  if there exists an interval  parentheses a comma c with  a, is less than b is less than c  such that, for any  x  in the interval  parentheses a comma c,  f of x is less than or equal to, f of b . In other words, a local minimum is a high point on the graph.",
        "math": [
            "$$x=b$$",
            "$$(a,c)$$",
            "$$a<b<c$$",
            "$$x$$",
            "$$(a,c)$$",
            "$$f(x) \\leq f(b)$$"
        ],
        "pacedSpeech": [
            "A function f has a local maximum at   x is equal to b ",
            " if there exists an interval  parentheses a comma c",
            "with   a, is less than b is less than c ",
            " such that, for any   x ",
            " in the interval  parentheses a comma c",
            "f of x is less than or equal to, f of b ",
            ". In other words, a local minimum is a high point on the graph."
        ]
    },
    {
        "id": "aa97d5brates5a-h5",
        "type": "scaffold",
        "problemType": "MultipleChoice",
        "answerType": "string",
        "hintAnswer": [
            "$$(-3,-2)$$"
        ],
        "dependencies": [
            "aa97d5brates5a-h4"
        ],
        "title": "Local Maximum",
        "text": "In which interval is the high point of the graph located?",
        "variabilization": {},
        "oer": "https://OATutor.io <OATutor>",
        "license": "https://creativecommons.org/licenses/by/4.0/ <CC BY 4.0>",
        "choices": [
            "$$(-1,0)$$",
            "$$(0,1)$$",
            "$$(-3,-2)$$",
            "$$(2,3)$$"
        ],
        "speech": "In which interval is the high point of the graph located?",
        "math": [
            ""
        ],
        "pacedSpeech": [
            "In which interval is the high point of the graph located?"
        ]
    }
]